ImageNo,PredictedLabel,ActualLabel
1,4,4
2,6,6
3,0,6
4,4,4
5,1,1
6,4,4
7,0,0
8,7,7
9,9,9
10,0,0
11,9,9
12,9,9
13,6,6
14,0,0
15,4,3
16,0,0
17,7,7
18,6,0
19,6,6
20,5,5
21,1,1
22,2,2
23,2,2
24,6,0
25,5,5
26,0,0
27,8,8
28,4,4
29,9,9
30,8,8
31,7,7
32,9,9
33,9,9
34,4,4
35,2,6
36,9,9
37,8,8
38,0,0
39,8,8
40,2,2
41,6,4
42,2,2
43,7,7
44,2,2
45,1,1
46,4,4
47,6,6
48,1,1
49,1,1
50,4,3
51,2,2
52,3,6
53,3,3
54,8,8
55,4,2
56,6,6
57,4,4
58,2,2
59,9,9
60,7,7
61,3,3
62,0,0
63,0,3
64,8,8
65,5,5
66,6,6
67,1,1
68,6,6
69,8,8
70,5,5
71,0,0
72,5,7
73,7,7
74,3,3
75,8,8
76,8,8
77,1,1
78,4,0
79,2,2
80,4,4
81,6,6
82,1,1
83,5,7
84,0,0
85,0,0
86,2,4
87,4,4
88,4,4
89,1,1
90,1,1
91,8,8
92,2,2
93,4,4
94,0,6
95,8,5
96,2,6
97,4,3
98,9,9
99,5,5
100,7,7
101,2,2
102,8,8
103,1,1
104,3,3
105,5,5
106,6,6
107,2,6
108,9,9
109,1,1
110,8,8
111,9,9
112,0,0
113,0,0
114,1,1
115,6,6
116,8,8
117,9,9
118,7,7
119,9,9
120,7,7
121,6,4
122,5,5
123,8,8
124,4,4
125,6,6
126,6,0
127,7,7
128,4,6
129,6,6
130,8,8
131,3,3
132,5,5
133,8,8
134,0,6
135,2,2
136,8,8
137,9,9
138,6,6
139,1,1
140,3,4
141,7,7
142,2,2
143,4,4
144,9,9
145,4,4
146,2,2
147,9,9
148,7,7
149,4,4
150,2,2
151,7,7
152,1,1
153,6,6
154,1,1
155,0,0
156,7,7
157,0,0
158,6,6
159,5,5
160,8,8
161,4,4
162,6,6
163,3,3
164,7,7
165,9,9
166,5,5
167,1,1
168,6,2
169,1,1
170,5,5
171,6,0
172,2,2
173,7,7
174,0,0
175,1,1
176,0,0
177,7,7
178,6,6
179,4,4
180,5,5
181,2,2
182,7,7
183,0,0
184,0,0
185,8,8
186,3,3
187,5,5
188,4,4
189,6,6
190,3,3
191,7,7
192,1,1
193,8,8
194,7,7
195,2,2
196,5,0
197,3,3
198,8,8
199,8,8
200,7,7
201,5,5
202,7,7
203,8,8
204,3,3
205,9,9
206,4,2
207,4,4
208,1,1
209,4,4
210,9,9
211,6,6
212,2,2
213,0,6
214,2,2
215,4,4
216,7,7
217,4,6
218,0,0
219,8,8
220,6,0
221,5,5
222,3,3
223,4,4
224,5,5
225,6,4
226,3,3
227,5,5
228,2,2
229,5,5
230,9,9
231,4,4
232,6,6
233,7,7
234,7,7
235,2,6
236,6,6
237,5,5
238,5,5
239,7,7
240,2,2
241,1,1
242,9,9
243,8,8
244,2,2
245,5,5
246,8,8
247,7,7
248,2,2
249,3,3
250,1,1
251,2,2
252,3,3
253,8,8
254,2,2
255,5,5
256,4,4
257,0,0
258,0,6
259,0,0
260,4,4
261,3,3
262,4,4
263,4,4
264,8,8
265,1,1
266,6,6
267,5,5
268,6,6
269,3,0
270,7,7
271,6,6
272,2,2
273,3,3
274,4,2
275,0,0
276,7,7
277,6,2
278,6,2
279,8,8
280,7,7
281,7,7
282,9,9
283,5,5
284,7,7
285,2,2
286,4,4
287,7,7
288,6,6
289,4,4
290,4,4
291,3,3
292,4,4
293,7,8
294,0,0
295,3,3
296,0,0
297,3,3
298,1,1
299,0,0
300,8,8
301,4,4
302,0,0
303,1,1
304,8,8
305,9,9
306,9,9
307,8,8
308,9,9
309,3,3
310,9,9
311,2,6
312,7,7
313,0,0
314,4,4
315,5,5
316,6,6
317,2,2
318,1,1
319,9,9
320,0,0
321,2,2
322,4,4
323,2,2
324,8,8
325,5,5
326,8,8
327,3,3
328,2,2
329,7,5
330,6,6
331,4,4
332,8,8
333,9,9
334,9,9
335,2,0
336,7,7
337,0,0
338,7,7
339,4,2
340,6,6
341,5,5
342,3,3
343,7,7
344,2,2
345,7,7
346,3,3
347,5,9
348,9,7
349,9,9
350,1,1
351,2,2
352,0,0
353,9,9
354,6,0
355,1,1
356,2,2
357,8,8
358,0,0
359,0,0
360,2,4
361,0,0
362,9,7
363,6,6
364,2,4
365,9,9
366,2,4
367,3,3
368,6,6
369,4,4
370,4,4
371,0,0
372,1,1
373,9,5
374,2,2
375,8,7
376,6,6
377,1,1
378,1,1
379,3,3
380,4,4
381,4,2
382,8,8
383,9,9
384,3,3
385,6,6
386,6,0
387,0,0
388,6,6
389,5,5
390,9,9
391,6,0
392,0,0
393,5,5
394,0,6
395,1,1
396,5,5
397,5,5
398,8,8
399,6,6
400,6,0
401,4,4
402,0,0
403,5,5
404,7,7
405,7,7
406,6,4
407,6,6
408,3,0
409,9,9
410,8,8
411,9,9
412,7,7
413,1,1
414,7,7
415,1,1
416,6,6
417,6,6
418,8,8
419,1,1
420,2,2
421,7,8
422,9,9
423,5,5
424,5,5
425,4,4
426,1,1
427,4,4
428,4,2
429,4,4
430,5,5
431,9,9
432,0,0
433,7,7
434,2,2
435,7,7
436,0,0
437,6,0
438,5,5
439,5,5
440,7,7
441,3,0
442,8,8
443,0,0
444,3,3
445,4,4
446,6,6
447,3,3
448,2,2
449,6,2
450,0,0
451,2,6
452,7,7
453,7,7
454,6,6
455,5,7
456,4,4
457,0,0
458,9,9
459,0,0
460,0,0
461,8,8
462,5,5
463,3,6
464,6,6
465,8,8
466,6,0
467,5,5
468,8,8
469,4,4
470,7,7
471,5,5
472,5,5
473,6,6
474,4,4
475,8,8
476,8,8
477,4,4
478,6,6
479,0,0
480,5,5
481,5,5
482,6,6
483,1,1
484,1,1
485,5,5
486,9,9
487,3,3
488,6,6
489,4,4
490,5,5
491,8,8
492,8,8
493,3,3
494,9,9
495,8,8
496,1,1
497,1,1
498,1,1
499,8,8
500,4,4
501,1,1
502,6,4
503,7,7
504,7,7
505,8,8
506,4,2
507,8,8
508,4,4
509,7,5
510,5,5
511,8,8
512,7,7
513,9,9
514,4,4
515,4,4
516,5,5
517,7,7
518,8,8
519,8,8
520,4,6
521,4,2
522,5,5
523,8,8
524,1,1
525,4,4
526,5,5
527,3,3
528,0,0
529,2,2
530,7,7
531,2,2
532,5,5
533,5,5
534,7,7
535,8,8
536,4,4
537,9,9
538,4,4
539,1,1
540,8,8
541,8,8
542,8,8
543,4,2
544,6,2
545,7,7
546,3,3
547,9,9
548,1,1
549,2,3
550,4,4
551,7,9
552,5,5
553,1,1
554,8,8
555,3,3
556,4,2
557,9,9
558,6,6
559,3,3
560,3,3
561,8,8
562,3,3
563,4,3
564,6,0
565,5,5
566,2,2
567,0,0
568,4,4
569,2,2
570,6,6
571,2,2
572,3,3
573,7,7
574,8,8
575,6,6
576,9,9
577,6,0
578,2,2
579,2,2
580,5,5
581,8,3
582,4,4
583,3,3
584,9,9
585,1,1
586,2,2
587,3,3
588,2,2
589,8,8
590,0,6
591,5,5
592,8,8
593,5,5
594,0,3
595,1,1
596,0,0
597,3,3
598,4,4
599,4,4
600,3,3
601,1,1
602,1,1
603,9,9
604,5,5
605,1,1
606,6,2
607,8,8
608,6,6
609,3,1
610,0,0
611,8,8
612,6,6
613,7,7
614,1,1
615,3,3
616,5,5
617,4,4
618,2,2
619,9,9
620,0,0
621,9,9
622,9,9
623,1,1
624,5,5
625,5,7
626,8,8
627,7,7
628,8,8
629,4,4
630,6,8
631,6,0
632,5,5
633,3,3
634,6,4
635,1,1
636,8,8
637,7,7
638,9,9
639,8,8
640,4,4
641,0,0
642,6,6
643,0,0
644,0,0
645,1,1
646,5,5
647,8,8
648,9,9
649,8,8
650,2,2
651,7,7
652,0,0
653,5,5
654,0,0
655,2,2
656,5,5
657,7,7
658,8,8
659,5,8
660,4,4
661,6,0
662,4,6
663,7,7
664,2,2
665,1,1
666,2,2
667,0,0
668,1,1
669,2,2
670,9,9
671,0,0
672,2,2
673,4,6
674,1,1
675,4,4
676,2,2
677,9,9
678,9,9
679,5,7
680,5,5
681,1,1
682,8,8
683,5,5
684,9,9
685,4,4
686,3,3
687,9,9
688,2,2
689,9,9
690,5,5
691,4,4
692,0,6
693,3,1
694,1,1
695,6,6
696,9,9
697,9,9
698,5,5
699,5,5
700,9,9
701,6,6
702,3,4
703,7,7
704,4,2
705,7,7
706,5,5
707,8,8
708,8,8
709,0,0
710,8,8
711,3,3
712,8,8
713,5,5
714,1,1
715,3,1
716,7,7
717,5,5
718,8,8
719,1,1
720,1,1
721,8,8
722,6,2
723,6,6
724,9,9
725,7,7
726,1,1
727,5,5
728,6,6
729,6,6
730,4,4
731,5,5
732,5,9
733,9,5
734,5,5
735,5,5
736,8,8
737,8,8
738,5,9
739,1,1
740,8,8
741,2,2
742,2,2
743,6,6
744,8,8
745,6,6
746,7,7
747,8,8
748,1,1
749,4,2
750,4,4
751,7,7
752,4,4
753,6,6
754,1,1
755,2,2
756,2,2
757,5,5
758,6,6
759,9,9
760,5,5
761,7,7
762,6,6
763,7,7
764,2,2
765,0,0
766,1,1
767,8,8
768,7,7
769,6,6
770,7,7
771,6,4
772,1,1
773,8,8
774,9,9
775,9,9
776,3,3
777,2,6
778,4,6
779,8,8
780,7,7
781,9,9
782,0,6
783,4,4
784,7,7
785,3,6
786,9,9
787,6,6
788,3,3
789,0,0
790,3,3
791,0,0
792,5,5
793,6,6
794,1,1
795,8,8
796,5,5
797,6,6
798,1,1
799,7,7
800,2,4
801,8,2
802,5,5
803,2,2
804,6,6
805,6,6
806,0,0
807,1,1
808,4,4
809,0,0
810,8,8
811,6,6
812,4,4
813,5,5
814,4,4
815,1,1
816,4,4
817,4,4
818,1,1
819,4,4
820,2,6
821,9,9
822,3,3
823,0,0
824,0,0
825,8,8
826,0,0
827,4,6
828,7,7
829,3,3
830,1,1
831,0,0
832,0,0
833,8,8
834,1,1
835,4,4
836,4,4
837,6,0
838,1,1
839,6,4
840,8,8
841,6,6
842,1,1
843,8,8
844,3,3
845,9,9
846,5,5
847,0,0
848,5,5
849,3,3
850,8,8
851,6,6
852,8,8
853,7,7
854,4,6
855,1,1
856,3,3
857,7,7
858,0,0
859,7,7
860,7,7
861,0,0
862,2,2
863,3,3
864,5,5
865,2,2
866,6,6
867,2,2
868,4,4
869,3,3
870,0,0
871,7,7
872,6,6
873,8,8
874,2,2
875,3,3
876,6,6
877,8,8
878,2,2
879,2,2
880,7,9
881,8,8
882,6,6
883,8,8
884,8,8
885,5,5
886,0,0
887,1,1
888,4,4
889,5,5
890,6,2
891,4,4
892,4,4
893,9,9
894,2,2
895,4,3
896,7,7
897,1,1
898,4,6
899,8,6
900,9,9
901,4,4
902,8,8
903,7,7
904,9,9
905,6,0
906,3,3
907,3,3
908,6,4
909,6,6
910,1,1
911,8,8
912,9,9
913,5,5
914,0,0
915,3,0
916,9,9
917,8,6
918,8,8
919,1,1
920,5,5
921,0,0
922,3,3
923,2,6
924,3,3
925,4,2
926,1,1
927,1,1
928,0,0
929,6,6
930,7,7
931,4,4
932,2,2
933,9,9
934,8,8
935,5,5
936,6,0
937,7,7
938,7,7
939,1,1
940,8,8
941,8,8
942,4,4
943,3,3
944,3,3
945,0,0
946,4,6
947,3,3
948,8,8
949,6,3
950,7,7
951,7,7
952,2,3
953,8,8
954,3,3
955,7,7
956,6,6
957,8,8
958,2,2
959,7,7
960,3,3
961,8,8
962,0,0
963,2,2
964,6,6
965,8,8
966,7,7
967,3,3
968,6,2
969,2,2
970,3,3
971,1,1
972,5,5
973,4,4
974,4,4
975,2,2
976,1,1
977,8,8
978,1,1
979,6,6
980,3,3
981,7,7
982,3,3
983,3,3
984,1,1
985,3,3
986,6,2
987,0,0
988,1,1
989,5,5
990,0,0
991,7,7
992,7,7
993,1,1
994,7,7
995,0,0
996,0,6
997,3,3
998,9,9
999,6,6
1000,2,2
1001,2,2
1002,2,4
1003,4,4
1004,0,0
1005,6,4
1006,5,5
1007,1,4
1008,6,2
1009,1,1
1010,6,6
1011,8,8
1012,6,6
1013,4,8
1014,6,6
1015,5,5
1016,6,6
1017,9,9
1018,1,1
1019,8,8
1020,7,7
1021,0,0
1022,5,5
1023,1,1
1024,1,1
1025,3,3
1026,5,5
1027,7,9
1028,3,3
1029,0,0
1030,0,0
1031,2,2
1032,7,7
1033,2,2
1034,4,4
1035,2,2
1036,7,7
1037,5,5
1038,2,2
1039,1,1
1040,9,9
1041,9,9
1042,9,9
1043,1,1
1044,2,2
1045,4,4
1046,4,4
1047,4,4
1048,3,3
1049,3,3
1050,3,3
1051,8,8
1052,2,2
1053,4,4
1054,8,8
1055,1,3
1056,9,9
1057,6,6
1058,9,9
1059,4,2
1060,2,2
1061,2,4
1062,6,6
1063,0,0
1064,5,5
1065,4,4
1066,5,5
1067,7,7
1068,8,8
1069,9,9
1070,6,6
1071,9,9
1072,2,2
1073,2,2
1074,0,6
1075,0,0
1076,4,4
1077,4,4
1078,7,7
1079,6,0
1080,6,0
1081,2,0
1082,5,5
1083,7,7
1084,9,9
1085,2,2
1086,3,3
1087,2,2
1088,6,6
1089,5,5
1090,7,7
1091,6,6
1092,1,1
1093,8,8
1094,2,2
1095,4,4
1096,9,9
1097,9,9
1098,4,4
1099,8,8
1100,8,8
1101,2,2
1102,8,8
1103,8,8
1104,4,3
1105,2,6
1106,5,5
1107,3,3
1108,0,0
1109,4,4
1110,6,0
1111,3,3
1112,9,9
1113,7,7
1114,3,3
1115,5,5
1116,9,9
1117,2,2
1118,2,4
1119,8,8
1120,4,4
1121,9,9
1122,8,8
1123,1,1
1124,0,0
1125,3,3
1126,1,1
1127,5,5
1128,5,5
1129,1,1
1130,2,2
1131,0,0
1132,9,9
1133,8,8
1134,1,1
1135,6,4
1136,8,8
1137,1,1
1138,7,9
1139,8,8
1140,7,7
1141,8,8
1142,0,0
1143,4,2
1144,6,3
1145,3,3
1146,1,1
1147,8,8
1148,9,9
1149,3,3
1150,3,3
1151,0,3
1152,4,4
1153,2,6
1154,9,9
1155,9,9
1156,2,2
1157,4,2
1158,9,9
1159,6,4
1160,8,8
1161,1,1
1162,0,0
1163,5,5
1164,3,3
1165,5,5
1166,9,9
1167,6,6
1168,3,6
1169,2,1
1170,4,4
1171,4,3
1172,6,0
1173,7,7
1174,3,3
1175,8,8
1176,0,6
1177,0,0
1178,6,6
1179,5,5
1180,1,1
1181,5,5
1182,6,4
1183,1,1
1184,9,9
1185,6,4
1186,4,4
1187,2,2
1188,8,8
1189,7,7
1190,7,7
1191,3,3
1192,4,2
1193,9,9
1194,4,3
1195,8,8
1196,9,9
1197,2,2
1198,5,5
1199,5,5
1200,5,5
1201,1,1
1202,0,0
1203,0,0
1204,5,5
1205,3,0
1206,9,9
1207,2,6
1208,4,6
1209,7,7
1210,4,6
1211,4,4
1212,7,7
1213,5,5
1214,5,5
1215,2,2
1216,1,1
1217,3,3
1218,8,8
1219,7,7
1220,3,6
1221,1,1
1222,3,3
1223,6,4
1224,4,4
1225,0,0
1226,0,0
1227,3,3
1228,8,8
1229,8,2
1230,7,7
1231,8,2
1232,2,2
1233,8,8
1234,2,4
1235,9,9
1236,0,0
1237,9,9
1238,6,6
1239,3,3
1240,8,8
1241,6,2
1242,4,4
1243,9,9
1244,2,2
1245,1,1
1246,7,7
1247,3,3
1248,6,6
1249,3,3
1250,8,8
1251,0,6
1252,0,0
1253,1,1
1254,8,8
1255,5,5
1256,3,3
1257,5,5
1258,8,8
1259,8,8
1260,1,1
1261,4,4
1262,3,3
1263,5,5
1264,6,4
1265,3,3
1266,7,7
1267,6,0
1268,6,6
1269,2,2
1270,1,1
1271,9,9
1272,4,4
1273,4,4
1274,4,2
1275,0,0
1276,3,3
1277,6,3
1278,5,5
1279,7,7
1280,2,2
1281,2,2
1282,6,6
1283,2,2
1284,3,3
1285,3,3
1286,8,8
1287,1,1
1288,2,2
1289,0,0
1290,9,9
1291,5,5
1292,9,9
1293,0,0
1294,8,8
1295,5,5
1296,2,2
1297,9,9
1298,2,4
1299,2,2
1300,8,8
1301,6,6
1302,0,6
1303,9,9
1304,3,3
1305,7,7
1306,2,8
1307,1,1
1308,5,5
1309,0,0
1310,8,8
1311,8,8
1312,4,3
1313,5,5
1314,0,0
1315,7,7
1316,0,0
1317,2,4
1318,4,4
1319,5,7
1320,2,2
1321,1,1
1322,5,5
1323,2,2
1324,3,3
1325,8,8
1326,4,4
1327,5,5
1328,6,4
1329,9,9
1330,3,3
1331,9,9
1332,8,8
1333,2,6
1334,8,8
1335,7,7
1336,0,6
1337,0,0
1338,3,3
1339,4,2
1340,2,2
1341,5,5
1342,2,4
1343,9,9
1344,9,9
1345,5,5
1346,2,2
1347,0,6
1348,6,2
1349,7,7
1350,4,2
1351,7,7
1352,7,7
1353,8,0
1354,3,3
1355,6,6
1356,1,1
1357,4,4
1358,1,1
1359,9,9
1360,7,7
1361,2,6
1362,1,1
1363,4,4
1364,6,4
1365,7,7
1366,2,2
1367,5,5
1368,6,6
1369,2,2
1370,4,4
1371,3,3
1372,7,7
1373,8,8
1374,7,7
1375,3,3
1376,8,5
1377,6,6
1378,2,2
1379,5,5
1380,0,0
1381,2,2
1382,6,6
1383,3,3
1384,0,0
1385,0,0
1386,6,6
1387,1,1
1388,7,7
1389,5,5
1390,6,6
1391,9,9
1392,1,1
1393,7,9
1394,8,8
1395,7,7
1396,9,9
1397,6,6
1398,9,7
1399,9,9
1400,4,4
1401,6,6
1402,3,3
1403,4,4
1404,9,9
1405,6,6
1406,2,2
1407,6,6
1408,8,8
1409,3,3
1410,3,3
1411,8,8
1412,6,0
1413,2,2
1414,7,7
1415,6,6
1416,7,7
1417,6,0
1418,7,7
1419,1,1
1420,6,6
1421,1,1
1422,9,9
1423,2,2
1424,4,4
1425,6,0
1426,4,4
1427,5,5
1428,5,5
1429,9,9
1430,1,1
1431,0,0
1432,8,8
1433,1,1
1434,4,4
1435,7,7
1436,4,4
1437,9,9
1438,1,1
1439,3,3
1440,2,2
1441,8,8
1442,0,0
1443,4,4
1444,4,4
1445,1,1
1446,8,8
1447,8,8
1448,8,8
1449,0,0
1450,8,8
1451,1,1
1452,4,2
1453,8,8
1454,8,8
1455,2,6
1456,0,0
1457,0,6
1458,7,7
1459,2,2
1460,6,6
1461,0,0
1462,5,5
1463,6,6
1464,0,0
1465,2,2
1466,9,9
1467,4,4
1468,6,6
1469,9,9
1470,5,7
1471,5,5
1472,5,5
1473,5,5
1474,1,1
1475,0,0
1476,7,9
1477,1,1
1478,6,0
1479,9,9
1480,9,9
1481,4,6
1482,3,3
1483,1,1
1484,5,5
1485,7,7
1486,0,0
1487,8,8
1488,7,7
1489,6,6
1490,2,4
1491,0,0
1492,4,4
1493,9,5
1494,6,0
1495,8,8
1496,8,8
1497,6,0
1498,3,3
1499,3,3
1500,4,4
1501,0,0
1502,5,5
1503,2,2
1504,1,1
1505,7,7
1506,3,3
1507,5,5
1508,8,8
1509,0,0
1510,8,8
1511,8,8
1512,2,6
1513,2,0
1514,8,8
1515,1,1
1516,9,9
1517,3,3
1518,3,3
1519,0,0
1520,8,8
1521,7,7
1522,6,6
1523,2,2
1524,7,7
1525,0,0
1526,5,5
1527,1,1
1528,5,5
1529,2,4
1530,7,7
1531,1,1
1532,6,6
1533,5,5
1534,4,2
1535,9,7
1536,5,5
1537,7,7
1538,7,7
1539,7,7
1540,6,2
1541,9,9
1542,0,0
1543,2,4
1544,4,4
1545,1,1
1546,4,6
1547,1,1
1548,3,3
1549,3,3
1550,4,6
1551,7,7
1552,0,0
1553,2,2
1554,3,5
1555,9,9
1556,3,3
1557,7,7
1558,1,1
1559,5,5
1560,7,7
1561,2,2
1562,0,0
1563,9,9
1564,5,5
1565,9,9
1566,4,4
1567,0,0
1568,5,5
1569,6,0
1570,7,7
1571,6,6
1572,1,1
1573,2,2
1574,4,4
1575,3,3
1576,3,3
1577,9,9
1578,9,9
1579,6,6
1580,4,4
1581,3,3
1582,7,7
1583,4,4
1584,8,8
1585,3,3
1586,6,6
1587,6,6
1588,8,8
1589,2,4
1590,3,3
1591,1,1
1592,2,2
1593,7,7
1594,8,8
1595,8,8
1596,4,4
1597,0,0
1598,8,8
1599,0,0
1600,0,0
1601,7,7
1602,5,5
1603,4,4
1604,8,8
1605,2,4
1606,2,2
1607,1,1
1608,9,9
1609,6,6
1610,5,5
1611,7,7
1612,7,9
1613,8,8
1614,3,3
1615,2,4
1616,6,6
1617,8,8
1618,9,9
1619,8,8
1620,6,6
1621,0,0
1622,3,3
1623,3,3
1624,3,3
1625,4,4
1626,7,7
1627,0,0
1628,7,7
1629,6,0
1630,8,8
1631,6,6
1632,6,6
1633,5,5
1634,8,8
1635,7,7
1636,9,9
1637,0,6
1638,5,5
1639,7,9
1640,9,9
1641,5,5
1642,5,5
1643,6,6
1644,7,7
1645,3,4
1646,3,3
1647,7,7
1648,3,3
1649,0,3
1650,7,7
1651,0,0
1652,2,2
1653,2,6
1654,5,5
1655,6,6
1656,0,0
1657,4,4
1658,5,5
1659,7,7
1660,6,0
1661,8,8
1662,1,1
1663,2,2
1664,4,2
1665,4,4
1666,1,1
1667,9,5
1668,9,9
1669,1,1
1670,6,6
1671,2,2
1672,2,4
1673,9,9
1674,4,2
1675,4,4
1676,1,1
1677,8,8
1678,7,7
1679,2,2
1680,3,3
1681,4,4
1682,1,1
1683,4,4
1684,7,7
1685,4,4
1686,8,8
1687,6,6
1688,6,0
1689,2,2
1690,3,3
1691,0,0
1692,2,2
1693,7,7
1694,0,0
1695,9,9
1696,2,2
1697,4,4
1698,3,3
1699,8,8
1700,0,0
1701,3,3
1702,8,8
1703,2,2
1704,1,1
1705,2,6
1706,7,7
1707,1,1
1708,8,8
1709,2,2
1710,7,7
1711,6,6
1712,7,7
1713,3,4
1714,6,2
1715,6,6
1716,6,6
1717,3,3
1718,3,3
1719,2,2
1720,9,9
1721,7,7
1722,7,7
1723,8,8
1724,5,5
1725,6,2
1726,7,7
1727,0,0
1728,5,5
1729,6,0
1730,4,4
1731,9,9
1732,6,6
1733,7,7
1734,4,4
1735,5,5
1736,8,8
1737,8,8
1738,1,1
1739,0,0
1740,3,3
1741,8,8
1742,3,3
1743,8,8
1744,8,8
1745,1,1
1746,7,9
1747,4,2
1748,5,5
1749,5,5
1750,6,6
1751,2,2
1752,3,3
1753,9,5
1754,5,5
1755,5,5
1756,0,0
1757,8,8
1758,7,7
1759,9,9
1760,4,4
1761,4,4
1762,2,4
1763,3,3
1764,9,9
1765,8,8
1766,8,8
1767,2,2
1768,8,8
1769,8,8
1770,8,8
1771,0,0
1772,0,0
1773,8,8
1774,1,1
1775,6,6
1776,9,9
1777,6,0
1778,6,2
1779,7,7
1780,6,6
1781,6,6
1782,6,3
1783,6,4
1784,8,8
1785,6,3
1786,5,5
1787,9,9
1788,8,8
1789,4,4
1790,9,9
1791,0,0
1792,8,8
1793,6,6
1794,8,8
1795,8,8
1796,2,2
1797,4,2
1798,1,1
1799,7,7
1800,2,2
1801,9,9
1802,2,2
1803,4,4
1804,9,9
1805,6,0
1806,4,4
1807,2,2
1808,2,2
1809,2,2
1810,3,3
1811,2,2
1812,6,6
1813,8,8
1814,1,1
1815,0,0
1816,9,9
1817,4,4
1818,6,0
1819,8,4
1820,1,1
1821,0,0
1822,9,9
1823,5,5
1824,1,1
1825,3,3
1826,0,0
1827,4,4
1828,9,9
1829,2,2
1830,6,2
1831,1,3
1832,4,6
1833,9,9
1834,7,7
1835,9,9
1836,0,0
1837,1,1
1838,1,1
1839,6,4
1840,1,1
1841,5,5
1842,4,4
1843,3,3
1844,6,4
1845,4,4
1846,2,2
1847,2,2
1848,2,2
1849,8,8
1850,0,0
1851,4,4
1852,8,8
1853,3,3
1854,8,8
1855,5,5
1856,6,6
1857,1,1
1858,4,2
1859,5,5
1860,7,7
1861,0,0
1862,4,8
1863,3,2
1864,0,0
1865,8,8
1866,6,0
1867,5,5
1868,6,6
1869,7,7
1870,5,5
1871,6,0
1872,0,0
1873,2,2
1874,8,8
1875,6,6
1876,9,9
1877,5,5
1878,8,8
1879,8,8
1880,3,3
1881,5,5
1882,3,3
1883,7,7
1884,8,8
1885,8,8
1886,6,6
1887,1,1
1888,1,1
1889,9,9
1890,0,6
1891,7,7
1892,4,6
1893,4,4
1894,4,4
1895,5,5
1896,3,3
1897,6,6
1898,5,5
1899,5,5
1900,7,7
1901,6,2
1902,7,7
1903,2,2
1904,6,1
1905,6,4
1906,5,5
1907,9,9
1908,9,9
1909,8,8
1910,9,9
1911,5,5
1912,8,8
1913,7,7
1914,7,7
1915,4,4
1916,4,6
1917,3,3
1918,4,6
1919,6,6
1920,8,8
1921,7,7
1922,5,5
1923,8,8
1924,7,7
1925,9,9
1926,5,5
1927,6,6
1928,1,1
1929,7,7
1930,3,3
1931,6,6
1932,8,8
1933,7,9
1934,5,5
1935,8,8
1936,8,8
1937,4,4
1938,1,1
1939,7,7
1940,7,7
1941,7,7
1942,3,3
1943,8,2
1944,2,6
1945,0,0
1946,8,8
1947,5,5
1948,7,7
1949,8,8
1950,7,7
1951,0,0
1952,4,4
1953,6,6
1954,1,1
1955,0,0
1956,3,3
1957,3,3
1958,1,1
1959,5,5
1960,5,5
1961,5,5
1962,8,8
1963,6,6
1964,2,2
1965,1,1
1966,4,6
1967,2,2
1968,2,2
1969,5,9
1970,7,7
1971,5,5
1972,5,5
1973,2,6
1974,2,2
1975,3,3
1976,4,6
1977,9,9
1978,7,7
1979,4,4
1980,4,1
1981,1,1
1982,7,7
1983,7,7
1984,1,1
1985,4,4
1986,7,7
1987,8,8
1988,8,8
1989,3,3
1990,3,3
1991,0,0
1992,0,0
1993,6,6
1994,7,7
1995,8,8
1996,1,1
1997,5,5
1998,5,5
1999,0,0
2000,2,2
2001,1,1
2002,6,6
2003,1,1
2004,7,9
2005,6,6
2006,3,0
2007,4,3
2008,1,1
2009,6,2
2010,8,8
2011,3,3
2012,3,3
2013,2,2
2014,1,1
2015,5,5
2016,8,8
2017,2,6
2018,5,5
2019,7,7
2020,7,7
2021,5,5
2022,0,6
2023,1,1
2024,2,6
2025,5,5
2026,1,1
2027,3,3
2028,3,4
2029,8,8
2030,9,9
2031,6,6
2032,3,3
2033,9,9
2034,6,6
2035,7,7
2036,8,8
2037,4,2
2038,9,9
2039,1,1
2040,9,9
2041,4,4
2042,6,0
2043,5,5
2044,4,4
2045,0,0
2046,0,0
2047,2,2
2048,8,8
2049,2,2
2050,5,5
2051,2,2
2052,4,4
2053,4,4
2054,3,3
2055,3,3
2056,4,4
2057,1,1
2058,3,3
2059,5,5
2060,8,8
2061,8,8
2062,4,2
2063,0,0
2064,1,1
2065,4,4
2066,5,5
2067,5,5
2068,4,4
2069,7,7
2070,5,5
2071,6,4
2072,3,3
2073,8,8
2074,1,1
2075,0,0
2076,3,3
2077,6,0
2078,3,3
2079,3,3
2080,6,6
2081,8,8
2082,2,2
2083,8,8
2084,4,4
2085,3,3
2086,8,8
2087,7,7
2088,9,7
2089,1,1
2090,1,1
2091,1,6
2092,3,1
2093,1,1
2094,4,4
2095,2,2
2096,6,6
2097,7,7
2098,4,3
2099,8,8
2100,6,0
2101,7,7
2102,1,1
2103,9,9
2104,3,3
2105,6,6
2106,6,0
2107,1,1
2108,2,4
2109,1,1
2110,7,7
2111,5,9
2112,2,3
2113,9,9
2114,5,5
2115,1,1
2116,8,8
2117,3,3
2118,1,1
2119,5,5
2120,1,1
2121,0,0
2122,4,4
2123,5,5
2124,4,4
2125,9,9
2126,2,4
2127,6,6
2128,5,5
2129,9,9
2130,2,4
2131,6,6
2132,5,5
2133,2,4
2134,4,6
2135,8,8
2136,3,3
2137,6,0
2138,7,7
2139,3,3
2140,8,0
2141,5,7
2142,6,6
2143,5,5
2144,7,7
2145,1,1
2146,5,5
2147,2,2
2148,6,4
2149,6,6
2150,5,5
2151,6,6
2152,3,3
2153,0,0
2154,1,1
2155,3,3
2156,3,3
2157,4,4
2158,0,0
2159,9,9
2160,9,9
2161,1,1
2162,2,0
2163,7,7
2164,1,1
2165,2,2
2166,0,0
2167,8,8
2168,6,6
2169,7,7
2170,2,4
2171,4,4
2172,5,5
2173,5,5
2174,5,5
2175,8,8
2176,7,7
2177,5,5
2178,2,2
2179,3,3
2180,6,6
2181,6,6
2182,5,5
2183,3,3
2184,1,1
2185,0,0
2186,6,6
2187,0,0
2188,2,2
2189,4,2
2190,0,0
2191,6,0
2192,1,1
2193,0,0
2194,6,6
2195,8,8
2196,6,0
2197,8,8
2198,4,4
2199,6,4
2200,9,9
2201,8,8
2202,8,8
2203,4,6
2204,4,4
2205,5,5
2206,2,2
2207,2,2
2208,1,1
2209,3,3
2210,7,8
2211,7,7
2212,0,0
2213,0,0
2214,3,3
2215,1,1
2216,9,9
2217,3,3
2218,7,7
2219,6,2
2220,7,7
2221,0,6
2222,7,7
2223,3,3
2224,4,3
2225,3,3
2226,0,0
2227,6,6
2228,6,6
2229,2,2
2230,9,9
2231,7,7
2232,0,0
2233,6,6
2234,7,7
2235,0,0
2236,9,9
2237,6,0
2238,6,6
2239,6,6
2240,2,4
2241,8,8
2242,3,3
2243,2,6
2244,9,9
2245,2,2
2246,1,1
2247,7,7
2248,3,3
2249,9,7
2250,3,3
2251,8,8
2252,6,0
2253,0,0
2254,6,0
2255,6,6
2256,5,5
2257,0,0
2258,8,8
2259,5,5
2260,8,8
2261,4,3
2262,2,2
2263,0,0
2264,0,0
2265,2,2
2266,1,1
2267,3,3
2268,2,2
2269,4,4
2270,4,4
2271,9,9
2272,2,2
2273,4,4
2274,6,0
2275,6,6
2276,8,8
2277,3,3
2278,2,2
2279,3,3
2280,5,7
2281,8,8
2282,7,9
2283,8,2
2284,5,5
2285,5,5
2286,0,0
2287,8,8
2288,2,2
2289,1,1
2290,9,9
2291,5,5
2292,4,6
2293,5,5
2294,9,9
2295,4,4
2296,0,6
2297,7,7
2298,6,0
2299,6,2
2300,3,3
2301,5,5
2302,3,3
2303,2,2
2304,8,8
2305,0,0
2306,5,5
2307,5,5
2308,2,2
2309,9,9
2310,8,8
2311,6,4
2312,6,6
2313,6,6
2314,5,5
2315,3,3
2316,6,0
2317,8,8
2318,0,0
2319,3,3
2320,2,2
2321,7,7
2322,1,1
2323,0,0
2324,0,6
2325,2,2
2326,6,0
2327,2,2
2328,5,5
2329,2,2
2330,4,4
2331,8,8
2332,3,3
2333,5,5
2334,9,9
2335,6,0
2336,5,5
2337,8,8
2338,5,5
2339,1,1
2340,6,6
2341,9,9
2342,5,5
2343,9,9
2344,5,5
2345,8,8
2346,8,8
2347,3,0
2348,2,3
2349,1,1
2350,2,2
2351,1,1
2352,8,8
2353,5,5
2354,2,2
2355,4,6
2356,9,9
2357,9,9
2358,4,4
2359,6,6
2360,7,7
2361,8,8
2362,4,4
2363,3,3
2364,4,2
2365,1,1
2366,8,8
2367,0,0
2368,1,1
2369,9,9
2370,6,6
2371,9,9
2372,8,8
2373,2,2
2374,1,1
2375,2,2
2376,5,5
2377,0,0
2378,6,2
2379,4,4
2380,9,9
2381,9,9
2382,7,7
2383,1,1
2384,8,8
2385,4,2
2386,4,3
2387,3,3
2388,0,0
2389,4,2
2390,0,0
2391,0,0
2392,1,1
2393,4,4
2394,9,7
2395,4,4
2396,5,5
2397,3,3
2398,3,3
2399,2,2
2400,9,9
2401,3,3
2402,2,2
2403,0,0
2404,6,6
2405,6,6
2406,3,3
2407,9,9
2408,9,9
2409,2,4
2410,2,2
2411,0,0
2412,3,3
2413,9,9
2414,6,6
2415,5,5
2416,2,4
2417,7,7
2418,8,8
2419,1,1
2420,5,5
2421,7,7
2422,8,8
2423,9,9
2424,9,9
2425,2,0
2426,7,7
2427,0,0
2428,1,1
2429,8,8
2430,9,9
2431,3,3
2432,5,5
2433,5,5
2434,5,5
2435,3,3
2436,4,4
2437,7,7
2438,1,1
2439,1,1
2440,8,8
2441,2,2
2442,9,9
2443,7,9
2444,6,4
2445,4,4
2446,8,8
2447,6,6
2448,5,5
2449,0,0
2450,1,1
2451,0,0
2452,2,2
2453,2,2
2454,5,5
2455,4,4
2456,8,8
2457,4,4
2458,0,6
2459,3,3
2460,3,3
2461,6,6
2462,9,7
2463,7,9
2464,2,4
2465,6,4
2466,5,5
2467,4,4
2468,8,8
2469,3,4
2470,3,3
2471,1,1
2472,0,0
2473,6,6
2474,5,5
2475,2,3
2476,6,6
2477,5,5
2478,3,3
2479,0,0
2480,3,3
2481,6,6
2482,2,4
2483,4,4
2484,3,3
2485,3,1
2486,1,1
2487,4,4
2488,9,9
2489,4,4
2490,8,8
2491,5,7
2492,7,7
2493,6,8
2494,6,6
2495,5,5
2496,0,0
2497,4,4
2498,9,9
2499,8,8
2500,5,5
2501,5,5
2502,3,2
2503,9,9
2504,6,6
2505,2,2
2506,1,1
2507,6,2
2508,8,8
2509,4,4
2510,0,0
2511,1,1
2512,5,5
2513,5,5
2514,8,8
2515,9,9
2516,9,9
2517,5,5
2518,2,4
2519,8,8
2520,3,4
2521,2,6
2522,1,1
2523,7,7
2524,1,1
2525,1,1
2526,5,5
2527,1,1
2528,2,6
2529,1,1
2530,7,7
2531,5,5
2532,9,7
2533,1,1
2534,6,6
2535,0,0
2536,1,1
2537,6,6
2538,4,4
2539,4,4
2540,7,7
2541,8,8
2542,1,1
2543,4,3
2544,0,0
2545,9,9
2546,5,5
2547,2,2
2548,0,8
2549,1,1
2550,6,6
2551,6,6
2552,1,1
2553,3,3
2554,4,4
2555,7,9
2556,9,9
2557,7,7
2558,3,3
2559,8,8
2560,6,0
2561,3,3
2562,8,8
2563,9,9
2564,4,4
2565,9,9
2566,7,7
2567,7,7
2568,5,5
2569,9,9
2570,9,9
2571,5,7
2572,4,4
2573,9,9
2574,2,2
2575,0,0
2576,1,1
2577,7,7
2578,5,5
2579,8,8
2580,8,8
2581,0,0
2582,1,1
2583,4,4
2584,5,5
2585,8,8
2586,5,5
2587,1,1
2588,1,1
2589,4,4
2590,1,1
2591,8,8
2592,5,5
2593,9,7
2594,4,4
2595,7,7
2596,7,7
2597,6,6
2598,0,0
2599,7,7
2600,0,0
2601,8,8
2602,7,7
2603,8,8
2604,5,5
2605,1,1
2606,2,2
2607,5,5
2608,4,4
2609,0,0
2610,6,0
2611,0,0
2612,0,0
2613,7,7
2614,6,6
2615,7,7
2616,3,6
2617,5,5
2618,7,7
2619,6,6
2620,6,6
2621,3,3
2622,6,6
2623,4,4
2624,9,9
2625,7,7
2626,2,2
2627,5,5
2628,4,2
2629,4,4
2630,5,5
2631,1,1
2632,6,6
2633,5,5
2634,3,3
2635,0,0
2636,5,5
2637,9,9
2638,1,1
2639,8,8
2640,2,2
2641,4,4
2642,6,6
2643,2,2
2644,8,8
2645,2,2
2646,2,2
2647,3,3
2648,7,7
2649,5,7
2650,6,6
2651,7,7
2652,8,8
2653,7,7
2654,7,7
2655,6,6
2656,7,9
2657,0,0
2658,4,4
2659,7,7
2660,0,0
2661,4,4
2662,8,8
2663,9,9
2664,3,3
2665,5,9
2666,8,8
2667,4,6
2668,6,6
2669,7,7
2670,7,7
2671,5,5
2672,8,8
2673,4,6
2674,9,9
2675,9,9
2676,1,1
2677,3,3
2678,3,3
2679,3,3
2680,6,0
2681,2,3
2682,4,4
2683,3,3
2684,3,3
2685,9,9
2686,5,5
2687,3,3
2688,1,1
2689,3,3
2690,3,3
2691,8,8
2692,7,7
2693,6,6
2694,8,8
2695,4,4
2696,4,4
2697,7,7
2698,0,0
2699,4,2
2700,8,8
2701,9,9
2702,7,7
2703,6,6
2704,3,3
2705,0,0
2706,8,8
2707,5,5
2708,7,9
2709,4,6
2710,5,5
2711,0,0
2712,6,0
2713,5,5
2714,4,4
2715,7,7
2716,7,7
2717,9,9
2718,5,5
2719,6,6
2720,8,8
2721,2,0
2722,2,2
2723,3,3
2724,4,2
2725,4,4
2726,2,2
2727,9,9
2728,7,7
2729,9,9
2730,4,2
2731,8,8
2732,1,1
2733,0,0
2734,3,3
2735,4,4
2736,4,3
2737,6,6
2738,2,2
2739,3,3
2740,1,1
2741,3,3
2742,1,1
2743,6,0
2744,3,3
2745,4,4
2746,1,1
2747,7,7
2748,9,9
2749,7,7
2750,5,5
2751,7,7
2752,3,3
2753,3,3
2754,8,8
2755,9,9
2756,1,1
2757,2,2
2758,1,1
2759,8,8
2760,4,4
2761,4,4
2762,2,2
2763,8,8
2764,9,9
2765,2,2
2766,7,7
2767,0,0
2768,8,8
2769,8,8
2770,7,7
2771,6,6
2772,5,5
2773,9,9
2774,2,4
2775,4,4
2776,3,3
2777,5,5
2778,9,9
2779,1,1
2780,6,6
2781,6,3
2782,3,3
2783,9,9
2784,1,1
2785,9,9
2786,5,5
2787,1,1
2788,7,7
2789,6,6
2790,2,2
2791,4,3
2792,8,8
2793,9,9
2794,6,6
2795,8,8
2796,3,0
2797,5,5
2798,2,4
2799,2,2
2800,7,7
2801,4,3
2802,9,9
2803,6,6
2804,0,0
2805,4,4
2806,2,2
2807,1,1
2808,9,9
2809,8,8
2810,9,9
2811,2,2
2812,3,5
2813,6,6
2814,6,6
2815,4,4
2816,3,3
2817,3,3
2818,2,2
2819,9,9
2820,6,6
2821,5,5
2822,9,9
2823,7,7
2824,9,9
2825,5,5
2826,3,3
2827,7,7
2828,8,8
2829,3,3
2830,6,0
2831,8,8
2832,7,9
2833,9,9
2834,4,4
2835,1,1
2836,3,3
2837,6,0
2838,8,8
2839,0,6
2840,9,9
2841,2,2
2842,5,5
2843,1,1
2844,4,3
2845,3,3
2846,0,0
2847,7,7
2848,0,0
2849,0,0
2850,5,5
2851,8,8
2852,9,9
2853,9,9
2854,4,4
2855,5,5
2856,4,4
2857,1,1
2858,6,6
2859,6,4
2860,6,8
2861,1,1
2862,4,4
2863,2,2
2864,3,3
2865,7,7
2866,8,8
2867,8,8
2868,6,3
2869,8,8
2870,2,2
2871,7,7
2872,9,9
2873,3,3
2874,5,5
2875,1,1
2876,0,0
2877,0,0
2878,1,1
2879,0,0
2880,6,2
2881,5,5
2882,0,0
2883,4,4
2884,5,5
2885,1,1
2886,7,7
2887,2,2
2888,5,5
2889,4,2
2890,8,8
2891,2,2
2892,2,2
2893,8,8
2894,9,9
2895,4,4
2896,2,2
2897,6,6
2898,8,8
2899,6,6
2900,3,3
2901,5,5
2902,3,0
2903,7,7
2904,1,1
2905,4,4
2906,1,1
2907,7,7
2908,5,5
2909,3,3
2910,5,5
2911,4,4
2912,2,2
2913,3,3
2914,4,4
2915,7,7
2916,8,8
2917,6,6
2918,5,5
2919,0,0
2920,5,5
2921,2,2
2922,0,0
2923,7,7
2924,9,9
2925,9,9
2926,8,8
2927,7,7
2928,1,1
2929,5,5
2930,0,6
2931,2,2
2932,5,9
2933,9,9
2934,7,7
2935,4,4
2936,5,5
2937,3,3
2938,7,7
2939,0,0
2940,3,3
2941,0,6
2942,6,0
2943,4,4
2944,2,4
2945,5,5
2946,4,3
2947,8,8
2948,0,0
2949,4,4
2950,6,4
2951,5,5
2952,0,0
2953,0,0
2954,8,0
2955,8,8
2956,2,2
2957,7,7
2958,4,4
2959,0,0
2960,7,7
2961,9,9
2962,2,2
2963,5,5
2964,5,5
2965,9,9
2966,8,8
2967,2,6
2968,0,6
2969,1,1
2970,1,1
2971,4,2
2972,1,1
2973,8,8
2974,4,4
2975,1,1
2976,9,9
2977,4,4
2978,6,2
2979,3,3
2980,5,5
2981,0,0
2982,4,4
2983,4,4
2984,6,6
2985,3,3
2986,0,0
2987,8,8
2988,4,4
2989,4,4
2990,8,8
2991,1,1
2992,7,7
2993,4,4
2994,2,2
2995,7,7
2996,3,3
2997,2,2
2998,9,9
2999,4,4
3000,6,6
3001,1,1
3002,0,0
3003,1,1
3004,4,6
3005,6,6
3006,6,6
3007,4,4
3008,5,5
3009,4,2
3010,9,9
3011,8,8
3012,5,5
3013,8,8
3014,8,8
3015,0,0
3016,9,7
3017,6,0
3018,9,9
3019,1,1
3020,9,9
3021,5,5
3022,7,7
3023,6,2
3024,9,9
3025,5,5
3026,9,9
3027,0,0
3028,7,7
3029,6,6
3030,8,8
3031,1,1
3032,4,2
3033,6,6
3034,7,7
3035,7,7
3036,4,4
3037,0,0
3038,5,5
3039,3,3
3040,1,0
3041,4,2
3042,0,0
3043,5,5
3044,6,3
3045,9,9
3046,4,4
3047,1,1
3048,9,9
3049,2,2
3050,7,7
3051,5,9
3052,5,5
3053,7,7
3054,3,3
3055,5,5
3056,4,4
3057,6,6
3058,1,1
3059,2,2
3060,0,0
3061,5,5
3062,8,8
3063,9,9
3064,9,9
3065,3,3
3066,5,5
3067,0,0
3068,5,5
3069,9,9
3070,9,9
3071,9,9
3072,8,8
3073,7,7
3074,2,2
3075,8,8
3076,7,9
3077,2,2
3078,6,6
3079,3,3
3080,2,2
3081,8,8
3082,8,8
3083,2,2
3084,0,0
3085,8,8
3086,2,8
3087,3,3
3088,6,0
3089,4,6
3090,1,1
3091,4,4
3092,1,1
3093,6,6
3094,7,9
3095,5,5
3096,4,4
3097,9,9
3098,0,0
3099,5,5
3100,6,6
3101,0,0
3102,5,7
3103,0,0
3104,1,1
3105,7,7
3106,2,2
3107,6,0
3108,3,3
3109,3,3
3110,8,8
3111,1,1
3112,7,7
3113,8,8
3114,7,7
3115,4,4
3116,7,7
3117,3,3
3118,3,3
3119,8,8
3120,6,6
3121,5,5
3122,1,1
3123,0,0
3124,3,3
3125,8,8
3126,2,2
3127,6,6
3128,2,2
3129,4,2
3130,8,8
3131,9,9
3132,3,3
3133,5,5
3134,3,3
3135,1,1
3136,6,6
3137,2,4
3138,7,9
3139,9,9
3140,0,0
3141,7,7
3142,2,2
3143,8,8
3144,7,7
3145,8,8
3146,3,3
3147,0,0
3148,1,1
3149,4,4
3150,5,5
3151,0,0
3152,7,7
3153,5,5
3154,4,4
3155,2,2
3156,2,2
3157,3,3
3158,3,3
3159,6,3
3160,0,0
3161,7,7
3162,1,1
3163,4,6
3164,5,5
3165,9,9
3166,2,2
3167,7,7
3168,4,4
3169,0,0
3170,9,9
3171,4,4
3172,5,5
3173,0,0
3174,9,9
3175,5,5
3176,3,3
3177,6,6
3178,8,8
3179,5,5
3180,3,0
3181,2,2
3182,8,8
3183,3,3
3184,0,0
3185,7,7
3186,5,5
3187,1,1
3188,7,7
3189,9,9
3190,6,6
3191,8,8
3192,6,6
3193,4,4
3194,0,0
3195,3,3
3196,8,8
3197,6,2
3198,0,0
3199,9,9
3200,3,3
3201,8,8
3202,3,3
3203,1,1
3204,6,2
3205,8,8
3206,6,0
3207,2,2
3208,3,3
3209,0,0
3210,1,1
3211,5,5
3212,0,0
3213,2,2
3214,9,9
3215,2,2
3216,2,2
3217,7,7
3218,2,2
3219,5,5
3220,7,9
3221,8,8
3222,7,7
3223,6,6
3224,6,6
3225,4,6
3226,9,9
3227,0,0
3228,8,8
3229,9,9
3230,2,2
3231,7,7
3232,9,9
3233,7,7
3234,2,2
3235,6,6
3236,7,7
3237,0,0
3238,0,0
3239,7,7
3240,8,8
3241,4,4
3242,7,7
3243,7,7
3244,5,5
3245,8,8
3246,6,6
3247,7,7
3248,3,3
3249,2,2
3250,7,7
3251,4,4
3252,4,4
3253,2,2
3254,3,3
3255,4,6
3256,1,1
3257,8,8
3258,0,0
3259,9,5
3260,8,8
3261,7,7
3262,7,7
3263,3,3
3264,9,9
3265,8,8
3266,4,4
3267,9,9
3268,9,9
3269,9,9
3270,8,8
3271,5,5
3272,6,6
3273,6,6
3274,2,8
3275,2,2
3276,3,3
3277,2,2
3278,9,7
3279,8,8
3280,6,6
3281,7,7
3282,4,4
3283,2,2
3284,0,0
3285,0,0
3286,9,9
3287,3,3
3288,2,2
3289,1,1
3290,7,7
3291,3,3
3292,4,4
3293,6,6
3294,0,0
3295,2,2
3296,4,4
3297,0,0
3298,5,5
3299,8,8
3300,8,8
3301,2,2
3302,6,6
3303,7,7
3304,8,8
3305,7,7
3306,7,5
3307,4,4
3308,2,2
3309,3,3
3310,2,2
3311,5,5
3312,3,4
3313,5,5
3314,3,3
3315,3,3
3316,2,2
3317,7,7
3318,2,2
3319,7,7
3320,2,2
3321,1,1
3322,3,3
3323,0,0
3324,4,4
3325,3,3
3326,8,8
3327,1,1
3328,6,0
3329,6,6
3330,6,6
3331,4,4
3332,3,3
3333,5,5
3334,8,8
3335,0,0
3336,8,8
3337,4,4
3338,8,8
3339,0,0
3340,4,4
3341,9,9
3342,3,3
3343,8,8
3344,4,4
3345,4,2
3346,7,7
3347,6,6
3348,2,2
3349,8,8
3350,4,4
3351,4,3
3352,2,2
3353,0,0
3354,4,4
3355,8,8
3356,0,6
3357,9,9
3358,5,5
3359,3,3
3360,5,5
3361,9,9
3362,7,7
3363,2,2
3364,6,6
3365,6,0
3366,7,7
3367,8,6
3368,4,4
3369,5,5
3370,8,8
3371,8,8
3372,3,3
3373,2,2
3374,9,9
3375,9,9
3376,5,5
3377,6,6
3378,1,1
3379,1,1
3380,7,7
3381,4,4
3382,8,8
3383,4,4
3384,0,0
3385,6,0
3386,4,4
3387,2,4
3388,7,7
3389,6,6
3390,0,0
3391,0,0
3392,8,8
3393,3,3
3394,6,6
3395,4,2
3396,7,7
3397,2,4
3398,3,3
3399,9,9
3400,2,8
3401,1,1
3402,7,7
3403,2,4
3404,6,0
3405,1,1
3406,0,0
3407,2,2
3408,9,9
3409,1,1
3410,7,7
3411,4,4
3412,2,2
3413,7,7
3414,2,2
3415,4,4
3416,3,3
3417,4,4
3418,8,8
3419,2,2
3420,4,3
3421,1,1
3422,1,1
3423,4,4
3424,8,8
3425,2,2
3426,2,6
3427,6,6
3428,9,9
3429,6,6
3430,8,8
3431,2,2
3432,0,0
3433,2,2
3434,7,7
3435,6,6
3436,5,5
3437,0,6
3438,2,2
3439,8,8
3440,6,6
3441,8,8
3442,4,4
3443,6,6
3444,9,9
3445,8,8
3446,7,7
3447,8,8
3448,1,3
3449,5,5
3450,3,3
3451,6,0
3452,4,4
3453,2,2
3454,5,5
3455,6,6
3456,3,3
3457,2,2
3458,6,6
3459,2,2
3460,8,8
3461,4,4
3462,8,8
3463,7,7
3464,0,0
3465,6,6
3466,0,3
3467,9,9
3468,0,0
3469,6,6
3470,1,1
3471,3,3
3472,3,3
3473,6,8
3474,1,1
3475,7,7
3476,3,3
3477,3,3
3478,1,1
3479,0,0
3480,2,2
3481,3,3
3482,5,5
3483,0,6
3484,7,7
3485,5,5
3486,8,8
3487,4,4
3488,5,5
3489,7,7
3490,8,8
3491,3,3
3492,5,5
3493,3,3
3494,5,5
3495,2,2
3496,8,8
3497,8,8
3498,7,7
3499,5,5
3500,7,7
3501,8,8
3502,9,9
3503,1,1
3504,6,6
3505,7,7
3506,2,2
3507,6,6
3508,0,0
3509,3,3
3510,1,1
3511,7,7
3512,9,9
3513,6,6
3514,0,0
3515,5,5
3516,6,0
3517,1,1
3518,9,9
3519,7,7
3520,4,4
3521,0,6
3522,5,5
3523,2,6
3524,0,0
3525,2,2
3526,6,6
3527,3,3
3528,1,1
3529,8,8
3530,6,6
3531,6,0
3532,9,9
3533,7,7
3534,2,2
3535,6,0
3536,8,8
3537,3,3
3538,6,4
3539,5,5
3540,7,7
3541,8,1
3542,7,7
3543,7,7
3544,1,1
3545,0,0
3546,2,2
3547,5,5
3548,1,1
3549,7,7
3550,3,0
3551,7,7
3552,6,4
3553,0,6
3554,2,2
3555,0,0
3556,5,5
3557,1,1
3558,8,8
3559,4,4
3560,0,0
3561,7,7
3562,7,7
3563,0,0
3564,8,8
3565,8,8
3566,1,1
3567,6,6
3568,0,0
3569,8,8
3570,2,2
3571,6,0
3572,3,3
3573,6,6
3574,6,0
3575,7,7
3576,0,0
3577,3,3
3578,9,9
3579,4,6
3580,3,3
3581,7,7
3582,0,0
3583,5,5
3584,5,5
3585,0,0
3586,7,5
3587,7,7
3588,0,0
3589,5,5
3590,0,2
3591,3,3
3592,8,8
3593,2,2
3594,7,7
3595,9,9
3596,5,5
3597,3,3
3598,8,8
3599,1,1
3600,2,2
3601,1,1
3602,3,3
3603,0,0
3604,2,2
3605,1,1
3606,3,3
3607,1,1
3608,2,2
3609,9,9
3610,8,0
3611,6,0
3612,1,1
3613,0,6
3614,1,1
3615,8,8
3616,7,7
3617,2,2
3618,8,8
3619,5,5
3620,6,6
3621,9,9
3622,9,9
3623,9,9
3624,8,8
3625,7,7
3626,6,0
3627,2,2
3628,1,1
3629,1,1
3630,5,5
3631,2,2
3632,8,8
3633,5,5
3634,9,9
3635,7,7
3636,5,5
3637,8,8
3638,8,8
3639,1,1
3640,6,6
3641,0,0
3642,5,5
3643,9,9
3644,1,1
3645,4,4
3646,9,9
3647,6,6
3648,9,9
3649,6,2
3650,3,3
3651,0,0
3652,1,1
3653,9,9
3654,9,9
3655,3,3
3656,0,0
3657,2,2
3658,8,8
3659,0,4
3660,3,3
3661,5,5
3662,2,2
3663,6,6
3664,6,0
3665,5,9
3666,8,8
3667,6,6
3668,9,9
3669,9,9
3670,2,2
3671,8,8
3672,7,7
3673,5,5
3674,1,1
3675,9,9
3676,0,0
3677,9,9
3678,6,6
3679,9,9
3680,4,4
3681,7,7
3682,3,3
3683,9,9
3684,2,2
3685,9,9
3686,8,8
3687,8,8
3688,1,1
3689,6,6
3690,0,6
3691,9,9
3692,1,1
3693,5,5
3694,6,6
3695,2,6
3696,8,8
3697,3,3
3698,9,9
3699,6,4
3700,9,9
3701,3,3
3702,4,4
3703,1,1
3704,4,4
3705,3,3
3706,7,9
3707,3,3
3708,2,2
3709,6,0
3710,3,3
3711,5,5
3712,9,9
3713,4,2
3714,3,3
3715,2,2
3716,7,7
3717,8,8
3718,6,0
3719,4,4
3720,5,5
3721,5,5
3722,6,6
3723,7,7
3724,3,1
3725,8,8
3726,8,8
3727,4,4
3728,8,8
3729,2,2
3730,5,7
3731,9,9
3732,0,0
3733,7,7
3734,5,5
3735,1,1
3736,3,3
3737,0,6
3738,3,3
3739,6,0
3740,0,0
3741,3,3
3742,8,8
3743,6,3
3744,1,1
3745,9,9
3746,6,6
3747,5,5
3748,5,5
3749,5,5
3750,4,4
3751,3,3
3752,6,6
3753,8,8
3754,2,2
3755,7,7
3756,5,5
3757,8,8
3758,6,6
3759,4,4
3760,4,2
3761,7,7
3762,2,2
3763,2,2
3764,0,6
3765,2,2
3766,5,5
3767,9,9
3768,4,4
3769,6,6
3770,1,1
3771,9,9
3772,1,1
3773,9,9
3774,4,4
3775,1,1
3776,6,6
3777,6,6
3778,6,6
3779,4,8
3780,9,9
3781,4,4
3782,3,3
3783,1,1
3784,2,2
3785,4,4
3786,5,5
3787,7,7
3788,1,1
3789,9,9
3790,2,2
3791,1,1
3792,5,5
3793,9,9
3794,5,5
3795,6,6
3796,4,4
3797,2,3
3798,6,6
3799,9,9
3800,6,6
3801,7,7
3802,8,8
3803,8,6
3804,9,9
3805,7,7
3806,0,3
3807,0,0
3808,7,7
3809,5,5
3810,0,0
3811,1,1
3812,1,1
3813,1,1
3814,4,4
3815,8,8
3816,7,7
3817,1,1
3818,3,3
3819,5,5
3820,2,6
3821,5,5
3822,8,8
3823,8,8
3824,5,5
3825,6,6
3826,7,7
3827,4,6
3828,2,6
3829,1,1
3830,8,8
3831,2,2
3832,9,9
3833,6,6
3834,3,3
3835,0,0
3836,4,4
3837,8,8
3838,1,1
3839,7,7
3840,9,9
3841,3,3
3842,0,0
3843,5,5
3844,2,2
3845,4,4
3846,4,4
3847,5,5
3848,6,0
3849,1,1
3850,4,4
3851,6,6
3852,7,7
3853,3,3
3854,1,1
3855,5,5
3856,5,5
3857,0,0
3858,9,9
3859,8,8
3860,0,0
3861,8,8
3862,0,0
3863,6,6
3864,6,6
3865,5,5
3866,5,5
3867,0,0
3868,8,8
3869,2,6
3870,9,9
3871,2,2
3872,8,8
3873,8,4
3874,6,6
3875,3,3
3876,0,0
3877,4,4
3878,4,4
3879,9,9
3880,6,6
3881,5,5
3882,1,1
3883,5,5
3884,0,0
3885,5,5
3886,0,0
3887,6,6
3888,4,4
3889,0,0
3890,1,1
3891,7,7
3892,6,0
3893,5,5
3894,7,7
3895,5,5
3896,7,7
3897,4,4
3898,4,4
3899,8,8
3900,4,4
3901,1,1
3902,3,3
3903,7,7
3904,2,2
3905,4,4
3906,3,3
3907,2,2
3908,7,7
3909,1,1
3910,1,1
3911,3,3
3912,6,4
3913,8,8
3914,6,6
3915,7,7
3916,6,4
3917,3,3
3918,3,3
3919,8,8
3920,3,3
3921,6,0
3922,2,2
3923,6,6
3924,3,3
3925,4,2
3926,0,0
3927,1,1
3928,2,2
3929,0,0
3930,6,2
3931,6,4
3932,7,7
3933,9,9
3934,7,5
3935,5,5
3936,3,3
3937,4,2
3938,2,2
3939,6,0
3940,3,3
3941,9,5
3942,2,6
3943,1,1
3944,8,8
3945,8,8
3946,8,8
3947,4,6
3948,7,7
3949,3,3
3950,9,9
3951,4,4
3952,5,5
3953,6,6
3954,1,1
3955,9,9
3956,3,3
3957,5,5
3958,1,1
3959,3,3
3960,5,9
3961,1,1
3962,5,5
3963,9,9
3964,7,7
3965,5,5
3966,0,0
3967,2,2
3968,3,3
3969,6,3
3970,6,0
3971,7,7
3972,2,2
3973,2,6
3974,2,4
3975,7,7
3976,1,1
3977,4,4
3978,4,4
3979,4,4
3980,4,4
3981,5,5
3982,1,1
3983,8,8
3984,3,3
3985,4,2
3986,0,3
3987,9,9
3988,1,1
3989,2,2
3990,6,6
3991,8,8
3992,5,5
3993,5,5
3994,5,5
3995,8,8
3996,4,4
3997,8,8
3998,7,7
3999,6,6
4000,9,9
4001,7,7
4002,6,6
4003,0,0
4004,4,4
4005,5,5
4006,1,1
4007,9,9
4008,1,1
4009,2,2
4010,7,7
4011,4,4
4012,3,3
4013,5,5
4014,0,0
4015,3,3
4016,8,8
4017,7,7
4018,3,3
4019,1,1
4020,5,5
4021,5,5
4022,2,2
4023,7,7
4024,6,3
4025,8,8
4026,1,1
4027,1,1
4028,0,6
4029,6,6
4030,3,3
4031,8,8
4032,0,0
4033,7,7
4034,4,4
4035,6,2
4036,2,2
4037,0,0
4038,9,9
4039,9,9
4040,4,4
4041,2,2
4042,2,2
4043,4,4
4044,8,8
4045,7,7
4046,2,8
4047,6,6
4048,2,2
4049,2,4
4050,0,0
4051,3,3
4052,2,2
4053,3,3
4054,6,4
4055,5,5
4056,0,0
4057,6,0
4058,1,1
4059,6,6
4060,8,8
4061,1,1
4062,0,0
4063,6,4
4064,2,2
4065,1,1
4066,8,8
4067,4,2
4068,8,8
4069,1,1
4070,2,6
4071,7,7
4072,9,9
4073,7,7
4074,4,4
4075,8,8
4076,2,2
4077,9,9
4078,1,1
4079,8,8
4080,0,0
4081,9,9
4082,6,6
4083,8,8
4084,2,2
4085,8,8
4086,4,4
4087,9,9
4088,8,8
4089,8,8
4090,0,0
4091,3,3
4092,8,8
4093,4,4
4094,9,9
4095,2,2
4096,2,2
4097,8,8
4098,0,0
4099,7,7
4100,0,0
4101,4,4
4102,8,8
4103,8,8
4104,6,6
4105,1,1
4106,0,0
4107,5,5
4108,4,2
4109,6,0
4110,0,6
4111,6,6
4112,9,7
4113,2,6
4114,2,6
4115,5,5
4116,6,6
4117,7,7
4118,8,8
4119,2,2
4120,5,5
4121,5,5
4122,7,7
4123,9,9
4124,8,8
4125,0,6
4126,9,9
4127,3,3
4128,6,6
4129,6,6
4130,3,3
4131,9,9
4132,0,0
4133,4,6
4134,5,5
4135,7,9
4136,9,9
4137,8,8
4138,2,2
4139,7,7
4140,8,8
4141,0,0
4142,7,7
4143,6,0
4144,6,6
4145,1,1
4146,6,0
4147,2,2
4148,3,3
4149,2,4
4150,3,3
4151,4,4
4152,2,2
4153,9,9
4154,8,8
4155,5,5
4156,5,5
4157,6,6
4158,4,2
4159,7,7
4160,1,1
4161,5,5
4162,2,2
4163,7,5
4164,7,7
4165,7,9
4166,8,8
4167,5,5
4168,1,1
4169,2,8
4170,2,2
4171,0,0
4172,9,9
4173,0,0
4174,2,2
4175,5,5
4176,7,7
4177,8,8
4178,2,4
4179,0,6
4180,0,0
4181,5,5
4182,4,4
4183,3,3
4184,3,3
4185,1,1
4186,7,7
4187,8,8
4188,7,7
4189,1,1
4190,8,8
4191,9,9
4192,2,2
4193,4,0
4194,3,3
4195,7,7
4196,4,4
4197,4,4
4198,9,9
4199,3,3
4200,0,0
4201,8,8
4202,1,1
4203,0,0
4204,3,8
4205,9,9
4206,0,3
4207,3,3
4208,5,5
4209,5,5
4210,3,4
4211,7,7
4212,0,0
4213,5,5
4214,7,7
4215,9,9
4216,2,4
4217,6,6
4218,1,1
4219,8,8
4220,8,8
4221,9,9
4222,3,8
4223,4,4
4224,7,7
4225,6,2
4226,4,4
4227,3,3
4228,0,0
4229,1,1
4230,1,1
4231,3,3
4232,7,7
4233,0,8
4234,2,2
4235,6,6
4236,8,8
4237,3,3
4238,4,4
4239,4,4
4240,8,8
4241,4,4
4242,9,9
4243,1,1
4244,6,0
4245,9,9
4246,1,1
4247,5,5
4248,6,6
4249,9,9
4250,8,8
4251,7,7
4252,9,9
4253,6,6
4254,1,1
4255,9,9
4256,9,9
4257,9,9
4258,6,6
4259,0,0
4260,9,9
4261,2,2
4262,7,7
4263,7,7
4264,1,1
4265,7,7
4266,3,3
4267,3,3
4268,1,1
4269,2,2
4270,3,3
4271,2,2
4272,5,5
4273,1,1
4274,8,4
4275,2,2
4276,5,5
4277,9,9
4278,0,0
4279,4,4
4280,4,4
4281,2,2
4282,1,1
4283,7,9
4284,8,8
4285,5,5
4286,4,4
4287,9,7
4288,4,4
4289,3,1
4290,6,2
4291,5,9
4292,1,1
4293,9,9
4294,4,4
4295,0,6
4296,6,0
4297,6,0
4298,3,4
4299,1,1
4300,7,7
4301,4,4
4302,8,8
4303,0,0
4304,1,6
4305,5,5
4306,3,3
4307,7,7
4308,1,1
4309,9,9
4310,8,8
4311,5,5
4312,7,7
4313,8,8
4314,3,3
4315,7,7
4316,9,9
4317,9,9
4318,6,6
4319,1,1
4320,7,7
4321,0,0
4322,5,5
4323,1,1
4324,3,3
4325,3,3
4326,1,1
4327,0,0
4328,9,9
4329,9,9
4330,3,3
4331,1,1
4332,1,1
4333,6,4
4334,7,7
4335,7,7
4336,8,8
4337,4,4
4338,0,0
4339,8,8
4340,9,9
4341,8,8
4342,4,4
4343,1,1
4344,5,5
4345,4,4
4346,3,3
4347,3,3
4348,9,9
4349,5,5
4350,2,2
4351,4,4
4352,9,9
4353,9,9
4354,5,5
4355,5,5
4356,2,2
4357,1,1
4358,0,0
4359,1,1
4360,4,4
4361,3,3
4362,5,5
4363,4,4
4364,5,5
4365,7,7
4366,8,8
4367,6,6
4368,8,8
4369,6,6
4370,0,0
4371,7,7
4372,7,7
4373,6,6
4374,9,9
4375,2,6
4376,3,3
4377,7,7
4378,8,8
4379,5,5
4380,5,5
4381,6,0
4382,8,8
4383,2,2
4384,3,3
4385,8,8
4386,0,0
4387,5,5
4388,5,5
4389,2,2
4390,9,9
4391,9,9
4392,5,5
4393,5,5
4394,7,7
4395,7,7
4396,1,1
4397,3,3
4398,0,0
4399,7,7
4400,1,1
4401,2,2
4402,9,9
4403,6,0
4404,6,0
4405,5,5
4406,6,6
4407,2,2
4408,4,2
4409,0,0
4410,1,1
4411,4,4
4412,5,5
4413,4,4
4414,3,3
4415,1,1
4416,7,7
4417,4,4
4418,9,9
4419,8,8
4420,3,3
4421,2,2
4422,9,9
4423,5,5
4424,5,5
4425,2,2
4426,0,0
4427,3,0
4428,7,7
4429,3,0
4430,6,6
4431,5,5
4432,9,9
4433,3,0
4434,1,1
4435,2,2
4436,4,4
4437,9,9
4438,5,5
4439,7,7
4440,9,9
4441,0,0
4442,3,3
4443,0,6
4444,4,4
4445,0,0
4446,3,3
4447,1,1
4448,3,3
4449,9,9
4450,8,8
4451,9,9
4452,1,1
4453,1,1
4454,6,0
4455,6,6
4456,1,1
4457,6,6
4458,2,2
4459,2,2
4460,4,4
4461,2,2
4462,3,3
4463,8,8
4464,8,8
4465,1,1
4466,4,6
4467,7,7
4468,0,0
4469,5,5
4470,3,3
4471,8,8
4472,1,1
4473,0,0
4474,5,9
4475,5,5
4476,5,5
4477,0,0
4478,9,9
4479,8,8
4480,9,7
4481,2,2
4482,4,3
4483,4,6
4484,3,3
4485,1,1
4486,8,8
4487,1,1
4488,9,9
4489,1,1
4490,3,3
4491,0,0
4492,3,3
4493,7,9
4494,3,3
4495,3,3
4496,9,9
4497,8,8
4498,0,0
4499,1,1
4500,2,2
4501,4,4
4502,0,0
4503,7,7
4504,8,8
4505,3,3
4506,9,9
4507,3,3
4508,2,2
4509,6,0
4510,1,1
4511,6,6
4512,1,1
4513,5,5
4514,5,5
4515,0,0
4516,5,5
4517,1,1
4518,5,5
4519,6,2
4520,7,7
4521,7,7
4522,0,0
4523,6,6
4524,0,0
4525,3,3
4526,2,2
4527,1,1
4528,5,5
4529,2,2
4530,5,5
4531,8,0
4532,7,5
4533,0,6
4534,7,7
4535,3,3
4536,4,4
4537,0,0
4538,6,6
4539,5,5
4540,8,8
4541,2,2
4542,2,2
4543,9,9
4544,4,4
4545,2,2
4546,3,3
4547,5,5
4548,5,5
4549,6,6
4550,8,8
4551,3,3
4552,8,8
4553,6,6
4554,5,5
4555,9,9
4556,5,7
4557,5,5
4558,2,2
4559,0,0
4560,5,9
4561,5,5
4562,9,9
4563,2,2
4564,0,0
4565,9,9
4566,2,2
4567,7,7
4568,0,0
4569,3,3
4570,8,0
4571,5,5
4572,5,5
4573,0,0
4574,5,5
4575,0,0
4576,5,5
4577,6,6
4578,2,2
4579,6,0
4580,4,4
4581,8,8
4582,9,9
4583,0,0
4584,1,1
4585,8,8
4586,6,0
4587,5,5
4588,6,6
4589,8,8
4590,1,1
4591,1,1
4592,9,9
4593,3,3
4594,6,0
4595,6,6
4596,9,9
4597,9,9
4598,4,3
4599,0,0
4600,4,4
4601,8,8
4602,0,0
4603,0,0
4604,1,1
4605,6,6
4606,7,7
4607,8,8
4608,6,6
4609,3,3
4610,2,2
4611,6,6
4612,9,9
4613,2,2
4614,6,4
4615,2,2
4616,0,3
4617,2,2
4618,6,6
4619,4,4
4620,1,1
4621,6,2
4622,5,5
4623,5,5
4624,1,1
4625,4,6
4626,0,6
4627,8,8
4628,8,2
4629,4,0
4630,2,2
4631,2,2
4632,6,6
4633,0,0
4634,1,1
4635,7,7
4636,9,9
4637,5,5
4638,6,6
4639,0,0
4640,1,1
4641,0,0
4642,5,0
4643,7,9
4644,4,4
4645,1,1
4646,4,2
4647,8,8
4648,5,5
4649,3,3
4650,7,7
4651,6,6
4652,4,4
4653,7,7
4654,5,5
4655,7,7
4656,3,3
4657,5,5
4658,7,7
4659,0,0
4660,2,2
4661,9,9
4662,7,7
4663,7,7
4664,9,9
4665,3,3
4666,7,7
4667,2,2
4668,5,5
4669,4,4
4670,3,3
4671,3,3
4672,3,3
4673,3,3
4674,8,8
4675,3,3
4676,9,9
4677,7,9
4678,7,7
4679,5,5
4680,3,3
4681,1,1
4682,0,0
4683,0,0
4684,6,6
4685,8,8
4686,1,1
4687,1,1
4688,5,5
4689,1,1
4690,9,9
4691,6,6
4692,4,2
4693,9,9
4694,9,9
4695,0,0
4696,9,9
4697,7,7
4698,7,7
4699,6,6
4700,9,9
4701,2,2
4702,9,9
4703,0,0
4704,4,4
4705,9,9
4706,1,1
4707,5,5
4708,8,8
4709,0,0
4710,9,9
4711,4,3
4712,4,2
4713,8,8
4714,3,3
4715,7,7
4716,6,6
4717,7,7
4718,4,6
4719,0,0
4720,6,6
4721,1,1
4722,0,0
4723,4,4
4724,6,6
4725,3,3
4726,1,1
4727,2,2
4728,9,9
4729,2,6
4730,8,8
4731,0,0
4732,7,7
4733,6,0
4734,1,1
4735,9,9
4736,3,0
4737,7,7
4738,8,8
4739,7,7
4740,6,0
4741,2,2
4742,1,1
4743,4,3
4744,4,4
4745,7,7
4746,1,1
4747,3,3
4748,4,4
4749,7,7
4750,1,1
4751,8,8
4752,8,8
4753,4,4
4754,2,2
4755,5,5
4756,1,1
4757,2,4
4758,4,2
4759,3,3
4760,3,3
4761,6,0
4762,4,4
4763,9,9
4764,0,0
4765,4,4
4766,3,3
4767,3,3
4768,3,3
4769,9,9
4770,0,0
4771,5,5
4772,6,0
4773,9,7
4774,8,8
4775,5,5
4776,7,7
4777,8,8
4778,7,7
4779,6,0
4780,9,9
4781,1,1
4782,4,4
4783,6,0
4784,1,1
4785,9,9
4786,0,0
4787,7,7
4788,0,0
4789,4,4
4790,2,2
4791,0,0
4792,4,4
4793,7,7
4794,3,3
4795,7,7
4796,2,2
4797,1,1
4798,8,8
4799,2,2
4800,2,2
4801,4,6
4802,8,8
4803,3,3
4804,5,5
4805,9,9
4806,5,5
4807,8,8
4808,7,7
4809,6,0
4810,9,9
4811,9,9
4812,8,8
4813,4,4
4814,0,6
4815,8,8
4816,9,9
4817,6,6
4818,0,0
4819,5,5
4820,2,2
4821,6,6
4822,1,1
4823,4,2
4824,4,4
4825,5,5
4826,7,7
4827,7,7
4828,2,4
4829,6,6
4830,6,6
4831,3,4
4832,7,7
4833,0,0
4834,8,8
4835,0,0
4836,9,9
4837,6,6
4838,2,4
4839,1,1
4840,7,7
4841,4,4
4842,5,5
4843,9,9
4844,1,0
4845,6,6
4846,7,7
4847,0,0
4848,4,4
4849,8,8
4850,2,2
4851,1,1
4852,1,1
4853,9,9
4854,6,2
4855,0,6
4856,5,5
4857,5,5
4858,3,3
4859,8,8
4860,8,8
4861,4,6
4862,8,8
4863,6,6
4864,3,3
4865,8,8
4866,2,2
4867,2,8
4868,1,1
4869,0,2
4870,8,8
4871,5,5
4872,5,5
4873,3,3
4874,9,9
4875,7,7
4876,5,5
4877,5,5
4878,4,4
4879,1,1
4880,6,6
4881,5,5
4882,1,1
4883,9,9
4884,9,9
4885,9,9
4886,0,0
4887,7,7
4888,7,7
4889,1,1
4890,1,1
4891,4,4
4892,7,7
4893,4,2
4894,8,6
4895,8,8
4896,4,6
4897,1,1
4898,4,4
4899,1,1
4900,5,5
4901,9,9
4902,9,9
4903,3,4
4904,2,4
4905,0,6
4906,7,7
4907,5,5
4908,1,1
4909,4,4
4910,8,8
4911,6,4
4912,5,5
4913,7,7
4914,8,8
4915,7,7
4916,4,4
4917,6,3
4918,7,7
4919,9,9
4920,7,7
4921,4,2
4922,8,8
4923,6,6
4924,9,9
4925,7,7
4926,6,6
4927,7,7
4928,5,5
4929,4,4
4930,2,2
4931,4,2
4932,8,8
4933,1,1
4934,5,5
4935,0,6
4936,5,5
4937,6,6
4938,8,8
4939,3,3
4940,6,6
4941,4,2
4942,0,0
4943,4,6
4944,2,2
4945,4,4
4946,3,3
4947,9,9
4948,2,2
4949,4,4
4950,8,8
4951,7,7
4952,1,1
4953,9,9
4954,1,1
4955,4,4
4956,4,4
4957,8,8
4958,1,1
4959,5,5
4960,3,3
4961,0,0
4962,3,3
4963,5,5
4964,5,5
4965,6,6
4966,6,6
4967,3,3
4968,6,6
4969,8,8
4970,5,5
4971,2,2
4972,7,7
4973,5,5
4974,2,2
4975,2,2
4976,4,4
4977,8,8
4978,9,9
4979,3,1
4980,0,2
4981,0,0
4982,3,1
4983,1,1
4984,0,0
4985,5,5
4986,0,0
4987,0,0
4988,0,0
4989,1,1
4990,4,4
4991,7,7
4992,2,2
4993,0,0
4994,7,7
4995,4,6
4996,4,4
4997,4,6
4998,6,0
4999,6,6
5000,4,4
5001,8,8
5002,2,2
5003,9,9
5004,6,6
5005,3,3
5006,2,2
5007,8,8
5008,6,6
5009,5,5
5010,4,4
5011,9,9
5012,8,8
5013,5,5
5014,3,3
5015,2,2
5016,8,8
5017,8,8
5018,4,4
5019,8,8
5020,2,2
5021,1,1
5022,4,4
5023,3,3
5024,8,8
5025,3,3
5026,5,5
5027,7,9
5028,3,0
5029,5,5
5030,7,7
5031,3,3
5032,2,2
5033,8,8
5034,3,3
5035,3,3
5036,9,9
5037,6,6
5038,1,1
5039,1,1
5040,8,8
5041,8,8
5042,8,8
5043,6,0
5044,6,0
5045,8,9
5046,4,4
5047,2,2
5048,4,4
5049,1,1
5050,3,3
5051,6,6
5052,9,9
5053,7,7
5054,7,7
5055,0,0
5056,6,6
5057,3,3
5058,4,2
5059,1,1
5060,1,1
5061,9,9
5062,8,8
5063,3,4
5064,1,1
5065,5,5
5066,1,1
5067,2,2
5068,1,1
5069,5,5
5070,9,9
5071,3,3
5072,2,2
5073,8,8
5074,8,8
5075,9,9
5076,9,9
5077,9,9
5078,1,1
5079,0,5
5080,6,4
5081,3,3
5082,6,6
5083,5,5
5084,0,0
5085,3,3
5086,3,3
5087,6,0
5088,4,4
5089,3,1
5090,7,7
5091,6,6
5092,7,7
5093,6,6
5094,9,9
5095,1,1
5096,5,5
5097,8,8
5098,8,8
5099,5,5
5100,8,8
5101,9,9
5102,9,9
5103,0,0
5104,7,7
5105,4,4
5106,5,5
5107,9,9
5108,2,2
5109,6,6
5110,1,1
5111,1,1
5112,5,5
5113,0,0
5114,6,0
5115,5,5
5116,7,7
5117,7,7
5118,8,8
5119,8,8
5120,5,5
5121,9,9
5122,9,9
5123,6,6
5124,6,4
5125,9,9
5126,4,4
5127,1,1
5128,4,4
5129,9,9
5130,9,9
5131,4,4
5132,5,5
5133,7,7
5134,0,0
5135,0,0
5136,8,8
5137,9,9
5138,7,7
5139,0,6
5140,9,9
5141,6,6
5142,6,6
5143,9,9
5144,8,8
5145,3,4
5146,5,5
5147,8,8
5148,9,9
5149,3,3
5150,3,3
5151,7,7
5152,7,7
5153,8,8
5154,0,0
5155,5,5
5156,2,6
5157,7,7
5158,2,2
5159,9,9
5160,7,7
5161,5,5
5162,0,0
5163,2,4
5164,6,6
5165,3,3
5166,7,7
5167,9,9
5168,1,0
5169,5,5
5170,4,0
5171,1,1
5172,8,8
5173,2,2
5174,7,7
5175,8,8
5176,0,0
5177,9,9
5178,3,3
5179,4,4
5180,3,3
5181,7,7
5182,9,9
5183,4,4
5184,9,7
5185,7,7
5186,4,4
5187,5,5
5188,7,7
5189,6,2
5190,6,4
5191,5,7
5192,1,1
5193,1,1
5194,3,3
5195,6,6
5196,4,4
5197,9,9
5198,9,9
5199,1,1
5200,8,8
5201,1,1
5202,5,5
5203,9,9
5204,1,1
5205,2,4
5206,1,1
5207,6,0
5208,3,3
5209,0,0
5210,5,5
5211,5,5
5212,0,0
5213,2,2
5214,9,9
5215,2,2
5216,4,2
5217,8,8
5218,7,7
5219,3,3
5220,7,7
5221,2,2
5222,1,1
5223,9,9
5224,2,2
5225,8,8
5226,6,6
5227,7,5
5228,1,1
5229,2,2
5230,9,9
5231,4,2
5232,4,4
5233,0,0
5234,4,2
5235,5,5
5236,4,4
5237,4,4
5238,3,3
5239,4,0
5240,0,0
5241,7,7
5242,6,6
5243,6,6
5244,4,4
5245,9,5
5246,1,1
5247,5,5
5248,5,5
5249,6,6
5250,4,2
5251,0,0
5252,6,3
5253,8,8
5254,3,3
5255,8,8
5256,1,1
5257,9,9
5258,5,5
5259,6,6
5260,6,6
5261,7,7
5262,3,3
5263,1,1
5264,2,2
5265,9,9
5266,4,4
5267,1,1
5268,5,5
5269,0,0
5270,0,0
5271,3,3
5272,1,1
5273,1,1
5274,8,8
5275,0,3
5276,0,0
5277,8,8
5278,4,4
5279,4,2
5280,2,2
5281,5,5
5282,3,3
5283,1,1
5284,0,0
5285,6,2
5286,9,9
5287,7,7
5288,0,6
5289,9,9
5290,6,6
5291,4,4
5292,7,7
5293,9,9
5294,5,5
5295,2,4
5296,5,5
5297,0,6
5298,1,1
5299,3,3
5300,1,1
5301,1,1
5302,0,6
5303,6,6
5304,8,8
5305,1,1
5306,4,4
5307,1,3
5308,5,9
5309,4,4
5310,3,3
5311,1,1
5312,2,2
5313,7,7
5314,3,3
5315,0,0
5316,2,2
5317,5,5
5318,4,4
5319,8,8
5320,9,9
5321,6,0
5322,0,0
5323,8,8
5324,6,6
5325,3,3
5326,4,4
5327,1,1
5328,8,8
5329,9,9
5330,9,9
5331,1,1
5332,5,5
5333,3,3
5334,1,1
5335,0,6
5336,2,2
5337,5,5
5338,3,3
5339,7,5
5340,2,2
5341,7,7
5342,6,0
5343,2,2
5344,2,2
5345,6,0
5346,9,9
5347,9,9
5348,8,8
5349,9,9
5350,7,7
5351,2,3
5352,5,5
5353,8,8
5354,5,5
5355,3,3
5356,7,7
5357,6,0
5358,3,3
5359,4,3
5360,9,9
5361,2,6
5362,1,1
5363,3,4
5364,6,6
5365,0,0
5366,8,8
5367,9,9
5368,4,4
5369,5,5
5370,3,3
5371,7,7
5372,6,6
5373,4,3
5374,9,9
5375,6,6
5376,3,3
5377,2,2
5378,1,1
5379,4,4
5380,4,2
5381,0,0
5382,2,2
5383,8,8
5384,7,7
5385,6,6
5386,5,5
5387,6,6
5388,6,6
5389,2,2
5390,2,2
5391,7,7
5392,6,2
5393,5,5
5394,2,2
5395,5,5
5396,6,6
5397,2,2
5398,0,0
5399,2,2
5400,6,6
5401,4,4
5402,3,3
5403,4,4
5404,6,6
5405,5,5
5406,8,8
5407,5,5
5408,9,9
5409,0,0
5410,7,5
5411,0,0
5412,4,4
5413,9,9
5414,0,0
5415,4,4
5416,5,5
5417,1,1
5418,0,0
5419,3,3
5420,2,2
5421,4,1
5422,6,0
5423,6,6
5424,7,7
5425,1,1
5426,6,6
5427,3,3
5428,8,8
5429,9,9
5430,3,3
5431,5,5
5432,8,8
5433,6,3
5434,3,3
5435,2,2
5436,5,5
5437,5,5
5438,9,9
5439,5,5
5440,8,8
5441,5,5
5442,7,7
5443,9,9
5444,3,4
5445,7,7
5446,3,0
5447,7,7
5448,8,8
5449,8,8
5450,3,3
5451,0,6
5452,6,4
5453,5,5
5454,1,1
5455,9,9
5456,8,8
5457,9,9
5458,9,9
5459,5,5
5460,1,1
5461,1,1
5462,8,8
5463,3,3
5464,6,6
5465,1,1
5466,0,0
5467,4,6
5468,1,1
5469,1,1
5470,6,6
5471,4,4
5472,5,5
5473,2,2
5474,8,8
5475,4,4
5476,8,8
5477,4,4
5478,4,4
5479,6,6
5480,6,6
5481,5,5
5482,6,6
5483,6,8
5484,5,5
5485,3,3
5486,7,7
5487,3,0
5488,3,3
5489,2,2
5490,7,7
5491,0,0
5492,3,3
5493,5,5
5494,4,4
5495,9,9
5496,5,5
5497,7,7
5498,0,0
5499,8,8
5500,4,4
5501,6,0
5502,7,7
5503,7,7
5504,4,4
5505,7,7
5506,0,0
5507,4,4
5508,3,3
5509,0,0
5510,1,1
5511,6,6
5512,7,7
5513,7,7
5514,7,7
5515,1,1
5516,3,3
5517,1,1
5518,3,3
5519,1,1
5520,3,3
5521,0,6
5522,1,1
5523,6,6
5524,9,9
5525,4,3
5526,7,7
5527,1,1
5528,6,6
5529,4,4
5530,0,0
5531,0,0
5532,8,8
5533,0,0
5534,2,2
5535,8,8
5536,8,8
5537,8,8
5538,7,7
5539,1,1
5540,7,7
5541,6,0
5542,6,6
5543,6,6
5544,0,0
5545,3,4
5546,0,0
5547,5,5
5548,4,2
5549,4,4
5550,7,7
5551,4,4
5552,1,1
5553,8,8
5554,6,4
5555,9,9
5556,6,0
5557,6,0
5558,3,3
5559,5,5
5560,6,6
5561,8,8
5562,4,4
5563,4,4
5564,8,8
5565,9,9
5566,0,0
5567,3,3
5568,6,0
5569,0,0
5570,1,1
5571,5,5
5572,4,2
5573,6,4
5574,1,1
5575,0,6
5576,7,7
5577,7,7
5578,6,6
5579,4,4
5580,9,9
5581,1,1
5582,8,7
5583,8,8
5584,0,0
5585,1,1
5586,4,4
5587,3,3
5588,0,0
5589,1,1
5590,1,1
5591,9,9
5592,6,4
5593,0,0
5594,3,3
5595,4,4
5596,4,8
5597,4,4
5598,9,9
5599,8,8
5600,1,1
5601,6,0
5602,3,4
5603,8,8
5604,8,8
5605,0,0
5606,5,5
5607,5,5
5608,1,1
5609,3,3
5610,3,3
5611,8,8
5612,2,2
5613,3,3
5614,0,0
5615,4,4
5616,4,4
5617,8,8
5618,8,8
5619,1,1
5620,3,3
5621,7,7
5622,8,8
5623,3,3
5624,8,8
5625,6,6
5626,6,0
5627,8,8
5628,8,8
5629,6,3
5630,3,3
5631,1,1
5632,2,2
5633,3,3
5634,5,5
5635,1,1
5636,2,2
5637,4,4
5638,9,9
5639,6,6
5640,8,8
5641,2,2
5642,3,3
5643,3,6
5644,6,6
5645,4,4
5646,3,3
5647,8,8
5648,9,9
5649,7,7
5650,7,9
5651,5,5
5652,2,2
5653,5,5
5654,4,4
5655,8,8
5656,9,9
5657,9,9
5658,2,4
5659,9,9
5660,6,0
5661,4,4
5662,9,9
5663,7,7
5664,9,9
5665,6,6
5666,6,6
5667,6,6
5668,0,0
5669,6,0
5670,7,7
5671,1,1
5672,4,2
5673,4,3
5674,1,1
5675,9,9
5676,1,1
5677,5,5
5678,7,7
5679,4,6
5680,7,7
5681,7,7
5682,8,8
5683,4,4
5684,0,0
5685,6,4
5686,8,8
5687,4,4
5688,4,4
5689,5,5
5690,1,1
5691,5,5
5692,7,7
5693,7,7
5694,9,9
5695,7,7
5696,6,6
5697,5,5
5698,5,5
5699,0,0
5700,7,7
5701,3,3
5702,9,9
5703,8,8
5704,6,3
5705,2,2
5706,4,4
5707,9,9
5708,5,5
5709,7,7
5710,3,3
5711,8,8
5712,0,0
5713,7,7
5714,9,9
5715,2,2
5716,6,0
5717,6,0
5718,2,2
5719,0,0
5720,1,1
5721,7,7
5722,0,0
5723,9,9
5724,5,5
5725,1,1
5726,7,7
5727,5,5
5728,3,3
5729,0,0
5730,3,3
5731,8,8
5732,8,8
5733,1,1
5734,3,3
5735,9,9
5736,1,1
5737,9,9
5738,5,5
5739,3,3
5740,1,1
5741,0,0
5742,1,1
5743,8,8
5744,8,8
5745,9,9
5746,4,2
5747,2,2
5748,0,0
5749,3,3
5750,7,7
5751,5,5
5752,4,4
5753,6,6
5754,1,1
5755,0,0
5756,7,7
5757,6,6
5758,5,5
5759,0,0
5760,4,4
5761,5,5
5762,9,9
5763,4,4
5764,7,7
5765,8,8
5766,5,5
5767,1,1
5768,5,5
5769,7,7
5770,3,3
5771,7,7
5772,2,2
5773,1,1
5774,2,2
5775,3,3
5776,0,0
5777,8,9
5778,8,8
5779,1,1
5780,2,2
5781,5,5
5782,3,3
5783,7,7
5784,2,2
5785,5,5
5786,3,3
5787,3,3
5788,5,5
5789,3,3
5790,1,1
5791,7,7
5792,2,6
5793,9,9
5794,0,0
5795,6,6
5796,3,3
5797,0,0
5798,1,1
5799,7,7
5800,6,6
5801,2,2
5802,6,6
5803,7,7
5804,2,2
5805,0,0
5806,1,1
5807,0,0
5808,7,7
5809,9,9
5810,6,6
5811,3,3
5812,9,9
5813,2,2
5814,8,8
5815,0,0
5816,1,1
5817,1,1
5818,6,6
5819,3,3
5820,0,0
5821,2,2
5822,3,3
5823,7,7
5824,4,4
5825,0,0
5826,2,6
5827,1,1
5828,9,9
5829,4,4
5830,0,0
5831,9,9
5832,6,6
5833,5,5
5834,1,1
5835,3,3
5836,5,5
5837,5,5
5838,5,5
5839,4,4
5840,6,6
5841,0,0
5842,7,7
5843,4,4
5844,8,8
5845,2,2
5846,5,5
5847,3,3
5848,1,1
5849,4,6
5850,6,6
5851,9,9
5852,6,2
5853,6,6
5854,9,9
5855,4,4
5856,3,3
5857,1,1
5858,4,4
5859,8,8
5860,2,2
5861,2,2
5862,9,9
5863,1,1
5864,5,5
5865,5,5
5866,7,7
5867,5,5
5868,8,8
5869,3,3
5870,3,1
5871,5,5
5872,4,4
5873,2,2
5874,1,1
5875,9,9
5876,4,4
5877,1,1
5878,6,6
5879,8,8
5880,8,8
5881,7,7
5882,6,4
5883,3,3
5884,8,8
5885,4,6
5886,0,3
5887,9,9
5888,0,0
5889,2,2
5890,2,2
5891,6,0
5892,6,2
5893,7,7
5894,1,1
5895,8,8
5896,0,0
5897,2,4
5898,7,7
5899,8,8
5900,3,3
5901,0,0
5902,2,2
5903,7,7
5904,4,4
5905,2,0
5906,1,1
5907,3,3
5908,6,6
5909,9,9
5910,5,5
5911,4,4
5912,4,4
5913,7,7
5914,9,9
5915,6,6
5916,6,6
5917,1,1
5918,6,0
5919,3,6
5920,8,8
5921,9,9
5922,4,4
5923,9,9
5924,7,7
5925,6,8
5926,3,1
5927,6,6
5928,6,6
5929,5,5
5930,6,6
5931,7,7
5932,6,6
5933,9,9
5934,8,8
5935,2,2
5936,2,2
5937,2,2
5938,2,2
5939,1,1
5940,3,3
5941,8,8
5942,5,5
5943,3,0
5944,5,5
5945,9,9
5946,5,5
5947,4,6
5948,2,4
5949,9,9
5950,7,7
5951,9,9
5952,0,0
5953,6,6
5954,6,6
5955,4,4
5956,5,5
5957,9,9
5958,3,3
5959,6,0
5960,0,0
5961,2,2
5962,6,6
5963,2,2
5964,3,3
5965,1,1
5966,6,2
5967,6,6
5968,7,7
5969,0,0
5970,2,2
5971,6,0
5972,2,2
5973,2,2
5974,8,8
5975,0,6
5976,7,7
5977,0,0
5978,5,9
5979,9,9
5980,4,4
5981,6,6
5982,3,3
5983,9,9
5984,5,5
5985,0,0
5986,3,3
5987,5,5
5988,0,0
5989,6,6
5990,4,4
5991,7,7
5992,0,6
5993,9,9
5994,6,6
5995,4,2
5996,9,9
5997,6,6
5998,9,9
5999,4,4
6000,4,2
6001,0,0
6002,0,0
6003,7,7
6004,7,9
6005,9,9
6006,1,1
6007,8,8
6008,4,3
6009,2,2
6010,5,7
6011,1,1
6012,9,9
6013,5,8
6014,9,5
6015,2,2
6016,7,7
6017,8,8
6018,4,4
6019,1,1
6020,7,7
6021,4,4
6022,3,4
6023,2,0
6024,7,7
6025,0,0
6026,2,2
6027,6,6
6028,1,1
6029,7,7
6030,8,0
6031,8,8
6032,1,1
6033,9,9
6034,6,6
6035,7,7
6036,4,3
6037,3,3
6038,1,1
6039,4,4
6040,3,3
6041,6,6
6042,4,4
6043,8,8
6044,0,0
6045,5,5
6046,8,8
6047,9,9
6048,2,2
6049,8,8
6050,6,6
6051,4,4
6052,3,3
6053,4,4
6054,2,2
6055,5,5
6056,2,4
6057,9,5
6058,5,5
6059,2,2
6060,6,6
6061,3,3
6062,6,6
6063,1,1
6064,1,1
6065,8,8
6066,8,8
6067,2,4
6068,0,0
6069,0,0
6070,9,9
6071,2,2
6072,0,0
6073,9,9
6074,2,2
6075,4,4
6076,5,5
6077,1,1
6078,4,4
6079,7,7
6080,3,3
6081,0,0
6082,5,5
6083,6,6
6084,2,2
6085,0,0
6086,5,5
6087,5,5
6088,7,7
6089,8,8
6090,1,1
6091,0,0
6092,3,6
6093,5,5
6094,7,7
6095,7,9
6096,1,1
6097,6,6
6098,1,1
6099,9,9
6100,3,3
6101,7,7
6102,5,5
6103,8,8
6104,3,3
6105,6,6
6106,2,2
6107,7,7
6108,2,2
6109,1,1
6110,2,2
6111,5,5
6112,0,0
6113,3,3
6114,8,8
6115,0,0
6116,2,2
6117,4,6
6118,7,7
6119,1,1
6120,9,9
6121,9,9
6122,3,3
6123,7,7
6124,9,9
6125,6,0
6126,2,2
6127,5,5
6128,4,2
6129,0,0
6130,2,2
6131,0,6
6132,8,8
6133,3,3
6134,8,8
6135,7,7
6136,5,5
6137,1,1
6138,3,3
6139,1,1
6140,1,1
6141,5,5
6142,1,1
6143,2,2
6144,8,3
6145,5,5
6146,7,7
6147,7,7
6148,8,8
6149,1,1
6150,0,0
6151,6,6
6152,2,2
6153,5,5
6154,4,4
6155,1,1
6156,7,7
6157,8,8
6158,9,9
6159,8,8
6160,6,0
6161,5,5
6162,2,2
6163,0,0
6164,5,5
6165,6,6
6166,9,9
6167,8,8
6168,1,1
6169,2,2
6170,3,3
6171,3,3
6172,6,6
6173,8,8
6174,4,4
6175,5,5
6176,9,9
6177,7,5
6178,2,2
6179,9,9
6180,3,3
6181,8,8
6182,7,7
6183,7,7
6184,2,2
6185,4,4
6186,0,0
6187,5,5
6188,7,7
6189,2,2
6190,1,1
6191,6,4
6192,9,9
6193,7,7
6194,4,4
6195,7,7
6196,9,9
6197,3,1
6198,7,5
6199,8,8
6200,9,9
6201,1,1
6202,4,2
6203,7,7
6204,7,7
6205,4,2
6206,1,1
6207,3,3
6208,4,4
6209,8,8
6210,1,1
6211,8,8
6212,8,8
6213,3,3
6214,3,3
6215,8,8
6216,6,6
6217,8,8
6218,8,8
6219,5,5
6220,6,6
6221,0,0
6222,2,2
6223,9,7
6224,1,1
6225,6,2
6226,6,4
6227,7,7
6228,3,3
6229,1,1
6230,4,4
6231,3,4
6232,7,7
6233,4,4
6234,3,3
6235,4,4
6236,4,4
6237,8,8
6238,4,4
6239,5,5
6240,6,2
6241,8,8
6242,1,1
6243,5,5
6244,5,5
6245,3,3
6246,9,9
6247,7,7
6248,8,8
6249,1,1
6250,9,9
6251,1,1
6252,4,4
6253,3,3
6254,4,4
6255,5,5
6256,4,4
6257,1,1
6258,0,0
6259,9,9
6260,9,9
6261,5,5
6262,6,6
6263,1,1
6264,1,1
6265,3,3
6266,7,7
6267,8,8
6268,8,8
6269,4,4
6270,5,5
6271,2,2
6272,9,9
6273,3,3
6274,4,4
6275,2,2
6276,0,0
6277,9,9
6278,7,5
6279,6,2
6280,3,3
6281,3,3
6282,7,7
6283,2,0
6284,9,9
6285,1,1
6286,4,8
6287,1,1
6288,6,4
6289,1,1
6290,1,1
6291,9,9
6292,0,0
6293,5,5
6294,3,3
6295,5,5
6296,7,9
6297,5,5
6298,9,9
6299,2,2
6300,9,9
6301,8,8
6302,6,2
6303,0,0
6304,3,3
6305,0,0
6306,0,0
6307,8,8
6308,4,4
6309,6,6
6310,8,8
6311,1,1
6312,3,3
6313,3,3
6314,1,1
6315,4,4
6316,2,2
6317,8,8
6318,5,5
6319,6,6
6320,1,1
6321,1,1
6322,7,7
6323,6,6
6324,1,1
6325,8,8
6326,7,7
6327,7,7
6328,3,3
6329,6,2
6330,6,6
6331,6,6
6332,4,4
6333,9,9
6334,6,6
6335,5,5
6336,8,8
6337,0,6
6338,7,7
6339,3,3
6340,4,4
6341,8,8
6342,0,6
6343,6,1
6344,5,5
6345,3,3
6346,2,0
6347,7,7
6348,7,7
6349,3,3
6350,6,0
6351,0,0
6352,5,5
6353,3,3
6354,6,6
6355,1,1
6356,5,5
6357,3,3
6358,2,2
6359,5,5
6360,3,4
6361,5,5
6362,2,2
6363,1,1
6364,9,9
6365,2,2
6366,6,6
6367,0,8
6368,2,2
6369,2,2
6370,2,4
6371,9,9
6372,9,9
6373,8,8
6374,7,7
6375,3,3
6376,8,0
6377,9,9
6378,7,7
6379,4,4
6380,2,2
6381,1,3
6382,0,0
6383,0,0
6384,5,5
6385,5,5
6386,2,2
6387,8,8
6388,7,7
6389,8,8
6390,3,3
6391,5,5
6392,5,5
6393,9,9
6394,5,5
6395,3,3
6396,9,9
6397,9,9
6398,7,7
6399,8,8
6400,5,5
6401,2,2
6402,3,3
6403,9,9
6404,1,1
6405,2,2
6406,0,0
6407,4,4
6408,0,2
6409,4,4
6410,8,8
6411,3,3
6412,7,7
6413,0,0
6414,9,9
6415,5,5
6416,6,6
6417,4,4
6418,6,6
6419,1,1
6420,6,6
6421,1,1
6422,5,5
6423,1,1
6424,3,3
6425,5,5
6426,2,2
6427,7,7
6428,8,8
6429,9,9
6430,1,1
6431,9,9
6432,7,5
6433,6,6
6434,5,5
6435,3,4
6436,9,9
6437,6,6
6438,3,0
6439,0,0
6440,5,5
6441,7,7
6442,4,4
6443,4,4
6444,3,3
6445,9,9
6446,4,4
6447,0,0
6448,0,3
6449,0,0
6450,6,0
6451,1,1
6452,9,9
6453,8,8
6454,2,2
6455,0,0
6456,1,1
6457,7,7
6458,6,6
6459,8,8
6460,0,0
6461,6,3
6462,0,6
6463,3,3
6464,4,4
6465,6,6
6466,7,7
6467,8,8
6468,7,9
6469,3,3
6470,5,5
6471,5,5
6472,9,9
6473,6,0
6474,9,9
6475,2,4
6476,2,2
6477,2,2
6478,3,3
6479,5,5
6480,1,1
6481,6,6
6482,7,7
6483,2,2
6484,4,4
6485,6,6
6486,2,2
6487,8,8
6488,8,8
6489,0,0
6490,9,9
6491,4,4
6492,3,3
6493,6,6
6494,2,2
6495,8,8
6496,1,1
6497,9,9
6498,6,6
6499,5,5
6500,0,0
6501,3,3
6502,0,0
6503,1,1
6504,1,1
6505,8,8
6506,4,6
6507,8,8
6508,9,9
6509,7,7
6510,9,9
6511,1,1
6512,5,5
6513,5,5
6514,2,2
6515,4,4
6516,8,8
6517,8,8
6518,5,5
6519,9,7
6520,5,5
6521,0,6
6522,1,1
6523,4,4
6524,7,7
6525,9,9
6526,1,1
6527,5,5
6528,4,4
6529,0,0
6530,6,6
6531,8,8
6532,5,5
6533,3,3
6534,7,7
6535,7,7
6536,1,1
6537,2,2
6538,3,3
6539,5,5
6540,4,3
6541,4,4
6542,2,4
6543,4,4
6544,5,5
6545,8,8
6546,9,5
6547,2,0
6548,9,9
6549,5,5
6550,9,9
6551,7,7
6552,6,6
6553,4,2
6554,6,4
6555,9,9
6556,7,7
6557,7,7
6558,0,6
6559,5,5
6560,9,9
6561,3,0
6562,5,5
6563,4,4
6564,3,3
6565,9,9
6566,2,4
6567,3,3
6568,2,2
6569,6,2
6570,2,2
6571,3,3
6572,9,9
6573,4,4
6574,0,0
6575,9,9
6576,9,9
6577,8,8
6578,8,8
6579,6,6
6580,8,8
6581,1,1
6582,8,6
6583,7,7
6584,8,8
6585,0,0
6586,2,2
6587,9,9
6588,8,8
6589,9,9
6590,8,8
6591,1,1
6592,1,1
6593,1,1
6594,5,5
6595,6,2
6596,6,6
6597,0,6
6598,3,3
6599,6,4
6600,3,3
6601,5,5
6602,0,0
6603,5,5
6604,5,5
6605,1,1
6606,3,3
6607,4,4
6608,4,4
6609,4,6
6610,4,2
6611,9,9
6612,6,1
6613,8,8
6614,9,9
6615,5,5
6616,7,7
6617,9,9
6618,3,3
6619,7,7
6620,0,0
6621,7,5
6622,4,4
6623,0,0
6624,6,6
6625,6,6
6626,0,6
6627,7,7
6628,1,1
6629,1,1
6630,3,3
6631,0,0
6632,0,0
6633,2,2
6634,8,8
6635,2,2
6636,7,7
6637,1,1
6638,6,6
6639,2,2
6640,4,6
6641,5,5
6642,1,1
6643,9,9
6644,2,2
6645,2,2
6646,9,9
6647,9,9
6648,9,9
6649,3,3
6650,5,5
6651,7,7
6652,7,7
6653,1,1
6654,6,6
6655,3,3
6656,7,7
6657,5,5
6658,6,6
6659,9,9
6660,1,1
6661,6,2
6662,7,7
6663,6,4
6664,6,6
6665,8,8
6666,9,9
6667,2,2
6668,3,3
6669,3,3
6670,1,1
6671,7,7
6672,8,8
6673,9,9
6674,5,5
6675,5,5
6676,0,0
6677,4,4
6678,3,3
6679,2,2
6680,4,4
6681,7,7
6682,4,4
6683,7,7
6684,1,1
6685,1,1
6686,7,7
6687,4,2
6688,9,9
6689,7,7
6690,1,1
6691,8,8
6692,6,6
6693,5,5
6694,3,3
6695,0,8
6696,1,1
6697,7,7
6698,7,7
6699,3,3
6700,8,8
6701,9,9
6702,7,7
6703,7,7
6704,0,0
6705,7,7
6706,9,9
6707,7,7
6708,5,5
6709,1,1
6710,0,0
6711,3,3
6712,8,8
6713,2,2
6714,3,3
6715,4,2
6716,7,7
6717,0,0
6718,9,9
6719,5,5
6720,9,9
6721,5,5
6722,6,0
6723,2,2
6724,6,0
6725,7,7
6726,0,0
6727,1,1
6728,3,3
6729,0,0
6730,9,9
6731,7,7
6732,0,2
6733,8,8
6734,1,1
6735,3,3
6736,7,7
6737,6,2
6738,5,5
6739,6,6
6740,4,4
6741,4,4
6742,6,6
6743,5,5
6744,4,4
6745,9,9
6746,6,6
6747,0,0
6748,9,9
6749,7,7
6750,8,8
6751,0,0
6752,6,6
6753,2,2
6754,8,8
6755,8,8
6756,4,4
6757,0,0
6758,2,2
6759,4,4
6760,0,0
6761,4,4
6762,1,1
6763,3,0
6764,2,2
6765,8,8
6766,5,5
6767,5,5
6768,5,5
6769,7,7
6770,5,5
6771,7,7
6772,4,4
6773,8,8
6774,4,6
6775,2,6
6776,8,8
6777,7,7
6778,2,2
6779,2,2
6780,3,3
6781,8,8
6782,6,4
6783,1,1
6784,1,1
6785,4,4
6786,5,5
6787,1,1
6788,8,8
6789,0,0
6790,8,8
6791,4,2
6792,7,7
6793,1,1
6794,8,8
6795,8,8
6796,9,9
6797,7,7
6798,5,5
6799,3,3
6800,6,3
6801,8,8
6802,7,7
6803,4,4
6804,0,0
6805,9,7
6806,7,7
6807,6,0
6808,2,2
6809,7,7
6810,4,4
6811,1,1
6812,5,5
6813,6,6
6814,2,2
6815,4,2
6816,0,0
6817,0,6
6818,4,4
6819,5,5
6820,3,3
6821,0,0
6822,2,2
6823,9,9
6824,8,8
6825,5,5
6826,3,3
6827,4,4
6828,3,3
6829,0,0
6830,5,5
6831,7,7
6832,1,1
6833,2,2
6834,4,4
6835,4,6
6836,7,5
6837,8,8
6838,7,7
6839,7,7
6840,8,8
6841,0,0
6842,4,4
6843,3,3
6844,0,0
6845,7,9
6846,0,0
6847,8,8
6848,7,7
6849,3,3
6850,4,4
6851,2,2
6852,1,1
6853,3,3
6854,3,3
6855,2,2
6856,6,6
6857,9,9
6858,1,1
6859,0,0
6860,8,8
6861,7,7
6862,6,6
6863,8,8
6864,0,0
6865,1,1
6866,3,3
6867,9,9
6868,6,6
6869,7,7
6870,9,9
6871,9,9
6872,3,3
6873,4,4
6874,2,2
6875,9,9
6876,1,1
6877,9,9
6878,8,8
6879,4,2
6880,2,2
6881,0,0
6882,7,7
6883,2,2
6884,7,7
6885,9,9
6886,0,0
6887,4,2
6888,6,6
6889,9,9
6890,5,5
6891,4,4
6892,4,4
6893,4,3
6894,1,1
6895,3,3
6896,2,2
6897,5,5
6898,5,5
6899,8,8
6900,1,1
6901,7,9
6902,9,9
6903,4,4
6904,3,3
6905,9,9
6906,8,8
6907,7,7
6908,8,8
6909,6,6
6910,5,5
6911,6,6
6912,7,7
6913,5,7
6914,8,8
6915,4,4
6916,3,3
6917,6,0
6918,5,5
6919,1,1
6920,7,7
6921,7,7
6922,8,8
6923,0,6
6924,6,0
6925,8,8
6926,4,2
6927,2,2
6928,2,2
6929,8,8
6930,9,9
6931,7,7
6932,1,1
6933,7,7
6934,9,9
6935,1,1
6936,4,6
6937,0,0
6938,4,2
6939,9,9
6940,8,8
6941,0,0
6942,3,3
6943,6,6
6944,6,6
6945,7,7
6946,1,1
6947,8,8
6948,2,2
6949,3,3
6950,4,4
6951,6,2
6952,5,5
6953,7,7
6954,3,3
6955,1,1
6956,7,7
6957,2,2
6958,7,7
6959,4,4
6960,4,4
6961,9,9
6962,5,5
6963,9,9
6964,9,9
6965,9,9
6966,6,6
6967,0,0
6968,4,4
6969,4,4
6970,6,4
6971,4,4
6972,1,1
6973,1,1
6974,7,7
6975,6,0
6976,1,1
6977,7,7
6978,3,3
6979,4,4
6980,4,4
6981,3,3
6982,4,4
6983,0,0
6984,6,6
6985,1,1
6986,8,8
6987,1,1
6988,7,7
6989,4,4
6990,3,3
6991,6,6
6992,2,2
6993,1,1
6994,5,5
6995,7,7
6996,1,1
6997,0,0
6998,6,6
6999,1,1
7000,7,7
7001,7,7
7002,0,0
7003,2,2
7004,0,3
7005,5,9
7006,8,8
7007,6,2
7008,6,6
7009,5,5
7010,6,6
7011,5,5
7012,6,6
7013,1,1
7014,3,3
7015,4,3
7016,1,1
7017,9,9
7018,4,4
7019,6,6
7020,5,5
7021,3,3
7022,8,8
7023,4,6
7024,7,7
7025,3,3
7026,2,2
7027,0,0
7028,0,0
7029,6,6
7030,4,4
7031,2,2
7032,5,5
7033,3,3
7034,8,8
7035,4,2
7036,4,4
7037,6,6
7038,5,5
7039,6,6
7040,7,7
7041,6,2
7042,3,3
7043,6,6
7044,0,0
7045,1,1
7046,2,2
7047,1,1
7048,9,9
7049,3,3
7050,1,1
7051,5,5
7052,5,5
7053,0,0
7054,4,4
7055,1,1
7056,1,1
7057,3,3
7058,4,4
7059,2,2
7060,5,5
7061,3,3
7062,0,0
7063,6,6
7064,6,6
7065,2,2
7066,2,2
7067,6,6
7068,7,7
7069,1,1
7070,9,9
7071,5,5
7072,8,8
7073,8,8
7074,7,7
7075,8,8
7076,1,1
7077,6,8
7078,3,3
7079,5,5
7080,4,4
7081,0,0
7082,0,0
7083,4,4
7084,2,2
7085,8,8
7086,1,1
7087,5,5
7088,6,6
7089,9,9
7090,3,3
7091,4,4
7092,2,2
7093,6,8
7094,3,3
7095,1,1
7096,2,2
7097,0,0
7098,7,7
7099,7,7
7100,9,9
7101,5,5
7102,1,1
7103,3,0
7104,3,3
7105,5,5
7106,4,3
7107,1,1
7108,7,9
7109,1,1
7110,4,2
7111,7,7
7112,7,7
7113,2,0
7114,2,2
7115,4,2
7116,8,8
7117,4,4
7118,1,1
7119,2,2
7120,8,8
7121,4,4
7122,7,7
7123,6,2
7124,6,6
7125,2,2
7126,9,9
7127,0,0
7128,3,6
7129,7,7
7130,1,1
7131,3,3
7132,0,6
7133,3,3
7134,7,7
7135,9,9
7136,3,3
7137,6,4
7138,0,0
7139,5,5
7140,5,5
7141,5,5
7142,8,8
7143,2,2
7144,2,2
7145,4,6
7146,6,2
7147,0,0
7148,3,3
7149,4,3
7150,1,1
7151,4,4
7152,4,4
7153,0,0
7154,5,5
7155,0,0
7156,8,8
7157,5,5
7158,0,0
7159,0,0
7160,9,9
7161,2,6
7162,9,9
7163,7,7
7164,7,7
7165,0,0
7166,4,4
7167,9,9
7168,1,1
7169,1,1
7170,2,2
7171,3,3
7172,2,2
7173,4,4
7174,8,8
7175,4,4
7176,5,5
7177,6,0
7178,6,0
7179,5,5
7180,3,3
7181,3,3
7182,8,8
7183,8,8
7184,9,9
7185,0,0
7186,9,9
7187,3,3
7188,2,2
7189,3,3
7190,9,9
7191,3,3
7192,7,7
7193,8,8
7194,3,3
7195,4,2
7196,8,8
7197,1,1
7198,6,0
7199,1,1
7200,2,2
7201,5,5
7202,8,8
7203,6,6
7204,5,5
7205,2,6
7206,7,7
7207,6,6
7208,7,7
7209,3,3
7210,5,5
7211,6,6
7212,8,8
7213,7,7
7214,4,4
7215,5,5
7216,9,9
7217,2,2
7218,9,9
7219,2,2
7220,4,4
7221,6,6
7222,8,8
7223,8,8
7224,1,1
7225,2,2
7226,3,3
7227,3,3
7228,5,5
7229,7,7
7230,9,9
7231,1,1
7232,3,3
7233,7,7
7234,9,9
7235,9,5
7236,5,5
7237,5,5
7238,8,8
7239,5,5
7240,7,7
7241,6,3
7242,0,0
7243,7,9
7244,2,2
7245,2,2
7246,0,0
7247,5,5
7248,2,6
7249,3,3
7250,4,4
7251,9,9
7252,8,8
7253,4,6
7254,3,8
7255,2,2
7256,1,1
7257,0,0
7258,6,0
7259,3,3
7260,1,1
7261,3,3
7262,5,5
7263,3,3
7264,3,3
7265,2,2
7266,6,2
7267,2,2
7268,2,2
7269,8,8
7270,4,4
7271,0,0
7272,8,8
7273,3,3
7274,3,3
7275,7,7
7276,9,9
7277,7,7
7278,7,7
7279,7,7
7280,9,9
7281,9,9
7282,1,1
7283,7,7
7284,2,3
7285,8,8
7286,5,5
7287,9,9
7288,9,9
7289,4,4
7290,1,1
7291,9,9
7292,8,8
7293,5,5
7294,8,8
7295,6,0
7296,8,8
7297,4,4
7298,7,7
7299,8,8
7300,4,4
7301,8,8
7302,0,0
7303,0,0
7304,7,7
7305,8,8
7306,7,7
7307,1,1
7308,4,4
7309,0,0
7310,2,2
7311,6,6
7312,4,6
7313,1,1
7314,1,4
7315,9,9
7316,4,0
7317,1,1
7318,5,5
7319,7,7
7320,2,2
7321,1,1
7322,1,1
7323,1,1
7324,9,9
7325,8,8
7326,2,2
7327,1,1
7328,3,3
7329,4,4
7330,6,6
7331,1,1
7332,9,9
7333,5,5
7334,4,4
7335,3,3
7336,7,8
7337,2,2
7338,3,3
7339,5,5
7340,9,9
7341,9,9
7342,1,1
7343,8,8
7344,4,4
7345,5,5
7346,6,0
7347,6,6
7348,0,0
7349,7,7
7350,1,1
7351,5,8
7352,2,2
7353,1,1
7354,3,4
7355,1,1
7356,9,9
7357,4,4
7358,7,7
7359,9,9
7360,6,3
7361,6,8
7362,5,5
7363,6,6
7364,9,9
7365,9,9
7366,8,8
7367,9,9
7368,3,0
7369,0,0
7370,1,1
7371,6,0
7372,9,9
7373,5,5
7374,0,6
7375,7,7
7376,9,9
7377,8,8
7378,1,1
7379,8,8
7380,5,5
7381,9,9
7382,6,6
7383,1,1
7384,2,2
7385,7,7
7386,3,3
7387,0,6
7388,8,8
7389,6,6
7390,0,0
7391,6,6
7392,0,5
7393,3,3
7394,4,4
7395,1,1
7396,1,1
7397,0,6
7398,2,6
7399,0,0
7400,3,3
7401,5,5
7402,3,3
7403,3,3
7404,4,4
7405,1,1
7406,5,5
7407,7,7
7408,8,8
7409,4,4
7410,7,7
7411,2,4
7412,4,4
7413,6,4
7414,4,4
7415,5,5
7416,3,6
7417,1,1
7418,2,2
7419,0,0
7420,8,8
7421,1,1
7422,3,3
7423,8,8
7424,4,4
7425,4,4
7426,7,7
7427,4,3
7428,2,2
7429,3,3
7430,9,9
7431,8,8
7432,3,3
7433,1,1
7434,6,6
7435,2,2
7436,3,3
7437,3,3
7438,2,2
7439,7,7
7440,7,7
7441,7,7
7442,1,1
7443,0,6
7444,7,7
7445,7,7
7446,2,2
7447,9,9
7448,4,4
7449,7,7
7450,2,6
7451,4,4
7452,5,5
7453,5,5
7454,2,2
7455,2,2
7456,0,0
7457,1,1
7458,1,1
7459,2,2
7460,4,3
7461,4,4
7462,6,6
7463,7,7
7464,8,8
7465,2,4
7466,3,3
7467,0,0
7468,5,5
7469,1,1
7470,4,6
7471,2,4
7472,0,3
7473,8,8
7474,7,9
7475,7,7
7476,5,5
7477,4,4
7478,2,2
7479,0,0
7480,9,9
7481,3,3
7482,4,4
7483,6,6
7484,6,0
7485,6,6
7486,6,0
7487,8,8
7488,4,4
7489,0,0
7490,1,1
7491,0,0
7492,6,6
7493,6,3
7494,4,4
7495,4,2
7496,2,2
7497,3,3
7498,5,5
7499,5,5
7500,6,6
7501,4,4
7502,0,0
7503,9,9
7504,3,3
7505,2,2
7506,9,9
7507,0,1
7508,8,8
7509,0,0
7510,4,4
7511,7,7
7512,6,6
7513,5,5
7514,1,1
7515,4,2
7516,3,3
7517,1,1
7518,7,7
7519,3,3
7520,3,3
7521,5,5
7522,4,4
7523,2,2
7524,7,7
7525,6,6
7526,7,7
7527,8,8
7528,0,0
7529,8,8
7530,9,9
7531,8,8
7532,1,1
7533,4,4
7534,5,5
7535,9,9
7536,2,2
7537,0,0
7538,7,7
7539,3,3
7540,7,7
7541,6,6
7542,7,7
7543,1,1
7544,4,4
7545,5,5
7546,7,7
7547,2,2
7548,9,9
7549,6,0
7550,1,1
7551,6,6
7552,0,0
7553,1,1
7554,0,0
7555,6,0
7556,4,4
7557,2,2
7558,1,1
7559,4,4
7560,4,4
7561,2,2
7562,6,0
7563,1,1
7564,0,0
7565,9,9
7566,9,9
7567,8,8
7568,6,0
7569,3,3
7570,4,4
7571,2,2
7572,6,6
7573,2,4
7574,6,6
7575,2,2
7576,6,4
7577,4,4
7578,8,8
7579,7,7
7580,8,8
7581,8,8
7582,7,7
7583,8,8
7584,0,0
7585,0,0
7586,8,8
7587,6,6
7588,2,3
7589,9,9
7590,7,7
7591,7,7
7592,7,7
7593,3,3
7594,1,1
7595,3,3
7596,1,1
7597,6,8
7598,7,7
7599,5,5
7600,8,8
7601,4,4
7602,3,3
7603,0,0
7604,6,6
7605,1,1
7606,5,5
7607,0,0
7608,7,7
7609,7,5
7610,8,8
7611,0,0
7612,6,6
7613,4,4
7614,3,3
7615,5,5
7616,4,2
7617,7,7
7618,7,7
7619,4,4
7620,6,6
7621,7,7
7622,7,7
7623,6,6
7624,7,7
7625,2,2
7626,5,5
7627,0,0
7628,0,0
7629,9,9
7630,8,8
7631,3,3
7632,5,5
7633,5,5
7634,0,1
7635,3,3
7636,8,8
7637,8,8
7638,8,8
7639,3,3
7640,9,9
7641,3,3
7642,0,0
7643,8,8
7644,0,0
7645,4,6
7646,7,7
7647,1,1
7648,4,4
7649,5,5
7650,2,2
7651,3,1
7652,6,6
7653,7,7
7654,8,8
7655,9,9
7656,4,2
7657,4,4
7658,8,8
7659,2,2
7660,4,4
7661,3,3
7662,3,3
7663,6,6
7664,7,7
7665,4,6
7666,8,8
7667,7,9
7668,1,1
7669,8,8
7670,6,6
7671,6,6
7672,0,0
7673,9,9
7674,1,1
7675,9,9
7676,0,0
7677,4,4
7678,6,6
7679,5,5
7680,1,1
7681,6,6
7682,6,6
7683,4,3
7684,1,1
7685,1,1
7686,1,1
7687,9,9
7688,8,8
7689,7,5
7690,2,6
7691,1,1
7692,8,8
7693,6,6
7694,2,2
7695,6,6
7696,7,9
7697,2,2
7698,5,5
7699,7,7
7700,0,0
7701,9,9
7702,0,0
7703,0,0
7704,1,1
7705,2,2
7706,9,9
7707,6,0
7708,9,9
7709,7,7
7710,2,2
7711,6,6
7712,5,5
7713,5,5
7714,0,0
7715,1,1
7716,6,6
7717,5,5
7718,2,2
7719,7,7
7720,0,0
7721,9,9
7722,5,5
7723,2,0
7724,1,1
7725,8,8
7726,4,6
7727,2,2
7728,5,5
7729,6,6
7730,9,9
7731,7,7
7732,2,2
7733,4,4
7734,6,0
7735,7,7
7736,4,4
7737,6,6
7738,0,0
7739,4,4
7740,8,8
7741,6,6
7742,6,0
7743,3,3
7744,8,8
7745,2,2
7746,9,9
7747,9,9
7748,5,9
7749,9,9
7750,4,4
7751,7,7
7752,2,2
7753,9,9
7754,0,0
7755,9,9
7756,1,1
7757,9,9
7758,8,8
7759,3,6
7760,0,0
7761,8,8
7762,5,5
7763,3,3
7764,8,8
7765,2,2
7766,7,7
7767,4,4
7768,6,6
7769,3,3
7770,3,3
7771,4,4
7772,0,0
7773,9,9
7774,0,0
7775,9,9
7776,3,1
7777,7,7
7778,3,3
7779,5,5
7780,7,7
7781,2,2
7782,8,8
7783,4,4
7784,9,9
7785,9,9
7786,6,6
7787,5,5
7788,8,8
7789,1,1
7790,2,2
7791,7,7
7792,5,5
7793,5,5
7794,3,3
7795,9,9
7796,4,6
7797,4,4
7798,2,6
7799,0,0
7800,0,0
7801,8,8
7802,0,0
7803,6,6
7804,7,7
7805,0,0
7806,8,8
7807,2,2
7808,3,3
7809,2,2
7810,4,4
7811,7,7
7812,5,5
7813,9,9
7814,6,0
7815,6,6
7816,4,6
7817,4,4
7818,0,0
7819,6,6
7820,0,0
7821,5,5
7822,9,9
7823,4,4
7824,7,7
7825,9,9
7826,0,0
7827,6,0
7828,0,0
7829,3,3
7830,2,2
7831,9,9
7832,4,4
7833,0,0
7834,9,9
7835,7,7
7836,4,4
7837,2,2
7838,8,8
7839,4,4
7840,0,0
7841,8,8
7842,5,5
7843,1,3
7844,1,1
7845,3,3
7846,7,7
7847,7,7
7848,9,9
7849,9,9
7850,4,4
7851,4,4
7852,4,4
7853,6,6
7854,7,7
7855,9,9
7856,9,9
7857,7,7
7858,2,4
7859,7,7
7860,5,5
7861,2,4
7862,9,9
7863,5,5
7864,8,8
7865,8,8
7866,1,1
7867,5,7
7868,8,8
7869,9,9
7870,4,4
7871,6,6
7872,2,2
7873,0,0
7874,5,5
7875,5,5
7876,6,6
7877,0,0
7878,5,5
7879,0,0
7880,5,5
7881,1,1
7882,4,4
7883,0,0
7884,3,3
7885,2,4
7886,5,5
7887,8,8
7888,8,8
7889,0,0
7890,4,2
7891,3,2
7892,9,9
7893,7,7
7894,7,7
7895,3,3
7896,9,9
7897,5,5
7898,5,5
7899,3,3
7900,7,7
7901,0,0
7902,3,3
7903,6,0
7904,0,0
7905,3,3
7906,7,7
7907,2,2
7908,9,9
7909,1,1
7910,5,5
7911,5,5
7912,9,9
7913,6,0
7914,4,6
7915,2,4
7916,0,0
7917,3,3
7918,3,3
7919,0,0
7920,4,4
7921,8,8
7922,7,7
7923,7,7
7924,6,0
7925,5,5
7926,8,8
7927,7,7
7928,6,6
7929,6,6
7930,8,8
7931,7,7
7932,0,0
7933,9,9
7934,2,6
7935,7,7
7936,5,5
7937,7,7
7938,7,7
7939,3,3
7940,9,9
7941,4,4
7942,7,5
7943,6,6
7944,9,9
7945,0,0
7946,5,5
7947,8,8
7948,6,0
7949,5,5
7950,8,8
7951,6,6
7952,1,1
7953,6,6
7954,0,0
7955,0,1
7956,3,3
7957,2,2
7958,4,4
7959,3,3
7960,8,8
7961,2,2
7962,3,3
7963,9,9
7964,8,8
7965,4,4
7966,8,9
7967,7,7
7968,7,7
7969,6,4
7970,2,2
7971,4,1
7972,1,1
7973,9,9
7974,3,3
7975,4,4
7976,1,1
7977,6,6
7978,7,7
7979,1,1
7980,5,5
7981,7,7
7982,0,3
7983,7,7
7984,2,2
7985,2,2
7986,2,0
7987,0,0
7988,2,2
7989,0,8
7990,5,5
7991,5,5
7992,6,4
7993,1,1
7994,4,4
7995,5,5
7996,5,5
7997,1,1
7998,6,6
7999,6,6
8000,4,2
8001,1,1
8002,6,2
8003,9,9
8004,9,9
8005,7,7
8006,9,9
8007,9,9
8008,6,6
8009,0,0
8010,5,9
8011,0,0
8012,3,1
8013,0,0
8014,4,4
8015,6,6
8016,9,9
8017,5,5
8018,2,2
8019,5,5
8020,6,4
8021,1,1
8022,6,0
8023,9,9
8024,7,7
8025,4,4
8026,3,3
8027,8,8
8028,7,7
8029,2,4
8030,9,9
8031,4,4
8032,7,7
8033,5,5
8034,6,6
8035,7,7
8036,1,1
8037,4,4
8038,2,4
8039,8,8
8040,6,6
8041,1,1
8042,6,2
8043,8,8
8044,0,0
8045,2,2
8046,6,4
8047,8,8
8048,1,1
8049,5,5
8050,3,4
8051,3,3
8052,1,1
8053,3,3
8054,4,4
8055,9,9
8056,6,8
8057,8,8
8058,6,6
8059,3,1
8060,2,2
8061,6,6
8062,5,5
8063,0,6
8064,7,7
8065,6,6
8066,9,9
8067,6,6
8068,0,0
8069,4,4
8070,4,4
8071,1,1
8072,3,3
8073,0,0
8074,2,2
8075,3,3
8076,2,2
8077,7,7
8078,6,6
8079,5,5
8080,9,9
8081,5,5
8082,9,9
8083,7,7
8084,5,5
8085,5,5
8086,6,6
8087,4,6
8088,0,0
8089,5,5
8090,6,6
8091,7,7
8092,5,5
8093,2,2
8094,3,3
8095,0,0
8096,0,0
8097,5,5
8098,8,8
8099,3,3
8100,4,4
8101,6,6
8102,1,1
8103,1,1
8104,3,3
8105,8,8
8106,1,1
8107,4,4
8108,4,4
8109,0,0
8110,2,2
8111,4,4
8112,9,9
8113,2,2
8114,1,1
8115,6,6
8116,9,9
8117,3,3
8118,9,9
8119,1,1
8120,5,5
8121,3,3
8122,7,7
8123,7,7
8124,4,4
8125,7,7
8126,0,0
8127,7,7
8128,5,5
8129,5,5
8130,2,2
8131,8,8
8132,0,8
8133,6,6
8134,3,3
8135,5,5
8136,3,3
8137,1,1
8138,3,3
8139,4,4
8140,8,8
8141,4,4
8142,1,1
8143,3,6
8144,0,0
8145,4,4
8146,5,5
8147,6,2
8148,8,8
8149,4,4
8150,9,9
8151,6,6
8152,7,7
8153,7,7
8154,6,6
8155,8,8
8156,3,3
8157,4,4
8158,9,9
8159,5,5
8160,5,5
8161,5,5
8162,4,4
8163,2,2
8164,9,9
8165,7,7
8166,4,4
8167,2,2
8168,6,6
8169,4,4
8170,9,9
8171,6,6
8172,7,7
8173,8,8
8174,4,4
8175,3,3
8176,3,2
8177,7,7
8178,7,7
8179,0,0
8180,4,4
8181,5,5
8182,3,3
8183,6,6
8184,1,1
8185,8,8
8186,0,0
8187,6,0
8188,1,1
8189,6,0
8190,1,1
8191,4,4
8192,0,6
8193,4,4
8194,7,7
8195,2,2
8196,2,2
8197,6,4
8198,2,2
8199,0,0
8200,9,9
8201,7,7
8202,4,4
8203,6,2
8204,5,5
8205,6,6
8206,7,7
8207,1,1
8208,6,0
8209,9,9
8210,7,8
8211,2,2
8212,9,9
8213,9,9
8214,6,6
8215,2,2
8216,4,4
8217,8,8
8218,5,5
8219,4,4
8220,9,9
8221,7,7
8222,0,0
8223,9,9
8224,6,6
8225,6,0
8226,9,9
8227,7,7
8228,5,5
8229,0,0
8230,0,0
8231,1,1
8232,6,6
8233,7,7
8234,7,7
8235,6,6
8236,4,4
8237,2,2
8238,3,3
8239,9,9
8240,9,9
8241,4,4
8242,8,8
8243,2,2
8244,0,0
8245,6,6
8246,9,9
8247,7,7
8248,1,1
8249,0,0
8250,5,8
8251,6,6
8252,6,6
8253,6,4
8254,8,8
8255,9,9
8256,0,3
8257,0,0
8258,1,1
8259,7,7
8260,2,4
8261,1,1
8262,3,3
8263,7,7
8264,7,7
8265,6,6
8266,4,4
8267,5,5
8268,7,7
8269,8,8
8270,5,5
8271,4,4
8272,3,1
8273,0,0
8274,7,7
8275,5,5
8276,3,6
8277,4,4
8278,4,4
8279,8,8
8280,0,0
8281,9,9
8282,1,1
8283,0,0
8284,3,3
8285,0,0
8286,4,4
8287,9,9
8288,6,8
8289,4,4
8290,2,2
8291,7,7
8292,9,9
8293,0,0
8294,9,9
8295,0,0
8296,6,6
8297,2,2
8298,8,8
8299,7,5
8300,8,8
8301,4,4
8302,5,5
8303,2,2
8304,5,5
8305,4,4
8306,4,4
8307,0,0
8308,6,6
8309,9,9
8310,3,3
8311,7,7
8312,5,5
8313,5,5
8314,3,3
8315,5,5
8316,3,3
8317,3,0
8318,5,5
8319,4,4
8320,8,8
8321,7,7
8322,0,0
8323,7,7
8324,8,8
8325,9,9
8326,2,6
8327,8,8
8328,8,8
8329,9,9
8330,3,3
8331,3,3
8332,4,4
8333,4,4
8334,7,7
8335,6,6
8336,2,2
8337,2,2
8338,5,5
8339,0,0
8340,4,4
8341,2,2
8342,8,8
8343,2,2
8344,8,8
8345,6,6
8346,3,0
8347,1,1
8348,1,1
8349,5,5
8350,5,5
8351,2,2
8352,2,6
8353,5,7
8354,4,4
8355,9,9
8356,6,6
8357,5,5
8358,8,8
8359,1,3
8360,0,6
8361,5,5
8362,8,8
8363,8,8
8364,9,9
8365,9,9
8366,7,7
8367,0,0
8368,8,8
8369,2,2
8370,1,1
8371,7,7
8372,7,7
8373,2,2
8374,2,2
8375,2,2
8376,7,7
8377,6,6
8378,7,7
8379,3,3
8380,9,9
8381,4,4
8382,6,6
8383,2,2
8384,4,4
8385,6,6
8386,1,3
8387,7,7
8388,5,5
8389,8,8
8390,0,0
8391,0,0
8392,4,4
8393,5,5
8394,6,2
8395,8,8
8396,5,7
8397,2,2
8398,5,5
8399,2,2
8400,3,3
8401,0,0
8402,2,2
8403,9,9
8404,0,0
8405,6,0
8406,2,2
8407,2,6
8408,2,2
8409,0,0
8410,5,5
8411,2,2
8412,2,2
8413,9,9
8414,4,4
8415,9,9
8416,3,3
8417,5,5
8418,2,2
8419,1,1
8420,1,1
8421,3,3
8422,5,5
8423,8,8
8424,4,4
8425,1,1
8426,8,6
8427,7,7
8428,3,3
8429,3,6
8430,9,9
8431,7,7
8432,4,4
8433,9,9
8434,4,4
8435,0,0
8436,1,1
8437,5,5
8438,3,3
8439,6,0
8440,9,9
8441,4,4
8442,6,6
8443,7,7
8444,2,2
8445,7,7
8446,7,5
8447,0,0
8448,1,1
8449,0,0
8450,3,3
8451,4,4
8452,4,4
8453,8,8
8454,7,7
8455,4,4
8456,4,4
8457,3,3
8458,8,8
8459,8,8
8460,6,6
8461,2,2
8462,0,6
8463,7,7
8464,3,3
8465,2,2
8466,7,7
8467,1,1
8468,9,9
8469,6,6
8470,4,4
8471,4,4
8472,7,7
8473,7,7
8474,3,3
8475,2,2
8476,7,7
8477,1,1
8478,1,1
8479,9,9
8480,0,0
8481,5,5
8482,4,6
8483,7,7
8484,1,1
8485,4,4
8486,3,0
8487,6,0
8488,2,2
8489,2,2
8490,4,2
8491,1,1
8492,4,6
8493,3,3
8494,6,6
8495,9,9
8496,0,0
8497,2,2
8498,7,7
8499,8,8
8500,7,7
8501,8,4
8502,2,2
8503,9,9
8504,2,6
8505,5,5
8506,7,7
8507,0,6
8508,4,4
8509,3,1
8510,3,3
8511,2,2
8512,7,7
8513,4,4
8514,7,7
8515,2,4
8516,4,3
8517,7,7
8518,5,5
8519,1,1
8520,5,5
8521,5,5
8522,1,1
8523,6,6
8524,5,5
8525,2,2
8526,4,4
8527,6,4
8528,3,3
8529,2,3
8530,2,2
8531,2,4
8532,6,6
8533,7,7
8534,6,4
8535,3,3
8536,6,6
8537,6,6
8538,8,8
8539,7,7
8540,4,4
8541,7,7
8542,7,7
8543,1,1
8544,5,5
8545,5,5
8546,6,6
8547,0,0
8548,0,0
8549,7,7
8550,0,0
8551,7,7
8552,4,4
8553,4,4
8554,4,2
8555,4,4
8556,3,3
8557,2,2
8558,4,1
8559,4,4
8560,5,5
8561,1,1
8562,4,4
8563,4,4
8564,6,0
8565,6,0
8566,7,9
8567,2,2
8568,9,9
8569,6,2
8570,0,0
8571,4,4
8572,9,9
8573,1,1
8574,9,9
8575,6,0
8576,6,0
8577,5,5
8578,1,1
8579,5,5
8580,5,5
8581,6,6
8582,4,4
8583,1,1
8584,2,2
8585,6,6
8586,7,9
8587,1,1
8588,3,3
8589,3,3
8590,7,7
8591,0,0
8592,1,1
8593,2,2
8594,7,9
8595,8,8
8596,7,5
8597,4,2
8598,2,2
8599,0,0
8600,1,1
8601,2,2
8602,7,7
8603,0,6
8604,8,8
8605,0,0
8606,7,7
8607,0,0
8608,9,9
8609,6,4
8610,3,3
8611,1,1
8612,8,8
8613,1,1
8614,3,3
8615,7,7
8616,7,7
8617,4,4
8618,4,4
8619,8,8
8620,2,2
8621,0,0
8622,1,1
8623,9,9
8624,7,7
8625,2,2
8626,5,5
8627,3,3
8628,1,1
8629,3,3
8630,4,4
8631,2,2
8632,6,0
8633,2,2
8634,6,6
8635,8,8
8636,2,2
8637,0,0
8638,8,8
8639,8,8
8640,9,9
8641,7,7
8642,7,7
8643,7,9
8644,8,8
8645,4,4
8646,2,4
8647,7,7
8648,8,8
8649,1,1
8650,4,4
8651,8,8
8652,8,8
8653,1,1
8654,8,8
8655,9,9
8656,9,9
8657,3,3
8658,7,7
8659,6,0
8660,7,7
8661,5,5
8662,7,7
8663,5,5
8664,4,4
8665,6,8
8666,7,7
8667,9,9
8668,7,7
8669,9,9
8670,8,8
8671,5,5
8672,6,6
8673,7,7
8674,5,5
8675,7,7
8676,4,4
8677,9,9
8678,4,4
8679,3,3
8680,2,2
8681,0,0
8682,9,9
8683,1,1
8684,5,5
8685,9,9
8686,6,2
8687,7,7
8688,9,9
8689,4,6
8690,4,4
8691,8,8
8692,8,8
8693,7,7
8694,4,3
8695,5,5
8696,4,4
8697,8,8
8698,8,8
8699,4,4
8700,1,1
8701,1,1
8702,4,4
8703,0,3
8704,0,0
8705,5,5
8706,9,9
8707,9,9
8708,6,6
8709,2,6
8710,8,8
8711,0,0
8712,9,9
8713,0,8
8714,3,0
8715,2,2
8716,5,5
8717,3,3
8718,3,8
8719,3,3
8720,4,4
8721,6,6
8722,1,1
8723,8,8
8724,3,3
8725,0,0
8726,9,9
8727,9,9
8728,4,6
8729,0,0
8730,4,4
8731,2,2
8732,7,7
8733,8,8
8734,9,9
8735,5,5
8736,3,4
8737,4,4
8738,3,3
8739,8,8
8740,4,4
8741,1,1
8742,0,0
8743,1,1
8744,5,5
8745,5,5
8746,7,7
8747,5,5
8748,4,4
8749,9,9
8750,4,4
8751,5,5
8752,9,9
8753,2,2
8754,1,1
8755,4,4
8756,3,3
8757,1,1
8758,6,0
8759,2,2
8760,5,5
8761,5,5
8762,6,6
8763,1,1
8764,4,4
8765,9,9
8766,8,8
8767,7,7
8768,9,9
8769,4,4
8770,4,4
8771,3,6
8772,9,9
8773,8,8
8774,6,6
8775,5,7
8776,9,9
8777,1,1
8778,1,1
8779,7,7
8780,9,9
8781,2,2
8782,9,9
8783,9,9
8784,8,8
8785,5,5
8786,4,4
8787,3,1
8788,2,2
8789,2,6
8790,3,3
8791,5,5
8792,9,9
8793,4,4
8794,7,7
8795,1,1
8796,1,1
8797,8,8
8798,9,9
8799,0,0
8800,7,7
8801,8,8
8802,7,7
8803,9,9
8804,8,8
8805,8,8
8806,7,7
8807,2,2
8808,5,5
8809,0,0
8810,9,9
8811,8,8
8812,4,4
8813,0,0
8814,6,0
8815,4,4
8816,6,0
8817,4,4
8818,5,5
8819,9,9
8820,5,5
8821,9,9
8822,9,9
8823,5,5
8824,1,1
8825,1,1
8826,6,2
8827,4,4
8828,4,6
8829,7,7
8830,1,1
8831,4,4
8832,4,4
8833,0,6
8834,4,4
8835,5,5
8836,4,4
8837,0,0
8838,1,1
8839,4,4
8840,4,4
8841,3,3
8842,5,5
8843,9,9
8844,4,4
8845,5,5
8846,4,4
8847,3,3
8848,2,2
8849,8,8
8850,1,1
8851,6,4
8852,0,6
8853,7,7
8854,9,9
8855,9,9
8856,2,2
8857,8,8
8858,2,2
8859,4,3
8860,0,0
8861,0,0
8862,3,3
8863,9,9
8864,7,5
8865,7,7
8866,9,9
8867,7,7
8868,5,5
8869,5,5
8870,6,6
8871,1,1
8872,4,4
8873,6,6
8874,0,0
8875,1,1
8876,0,0
8877,2,2
8878,5,5
8879,9,9
8880,5,5
8881,0,0
8882,0,0
8883,4,4
8884,0,0
8885,6,6
8886,6,6
8887,5,5
8888,1,1
8889,9,9
8890,0,0
8891,6,2
8892,7,7
8893,6,6
8894,2,2
8895,2,6
8896,0,0
8897,4,2
8898,8,8
8899,6,6
8900,3,1
8901,7,7
8902,1,1
8903,6,0
8904,4,4
8905,8,8
8906,8,8
8907,4,4
8908,8,8
8909,4,4
8910,0,0
8911,3,1
8912,4,6
8913,3,3
8914,3,3
8915,5,5
8916,1,1
8917,8,8
8918,6,8
8919,3,3
8920,0,0
8921,5,5
8922,4,4
8923,2,0
8924,8,8
8925,6,6
8926,5,5
8927,9,9
8928,1,1
8929,9,9
8930,7,9
8931,4,2
8932,1,1
8933,5,5
8934,7,7
8935,5,5
8936,4,2
8937,2,2
8938,4,3
8939,1,1
8940,8,8
8941,4,4
8942,4,4
8943,8,8
8944,6,6
8945,2,6
8946,4,4
8947,4,4
8948,3,3
8949,6,3
8950,2,2
8951,9,9
8952,8,8
8953,6,6
8954,0,0
8955,8,8
8956,4,2
8957,4,4
8958,4,4
8959,1,1
8960,7,7
8961,4,4
8962,9,9
8963,4,4
8964,2,2
8965,5,5
8966,1,1
8967,9,9
8968,9,9
8969,2,2
8970,8,8
8971,8,8
8972,6,6
8973,0,6
8974,5,5
8975,1,1
8976,4,4
8977,6,0
8978,3,3
8979,9,9
8980,6,6
8981,1,1
8982,3,3
8983,5,5
8984,0,0
8985,3,3
8986,6,6
8987,2,6
8988,6,6
8989,2,2
8990,4,4
8991,4,3
8992,2,2
8993,1,1
8994,4,4
8995,4,3
8996,6,8
8997,1,1
8998,4,4
8999,5,5
9000,6,6
9001,3,3
9002,6,6
9003,2,3
9004,9,7
9005,2,2
9006,1,1
9007,8,8
9008,0,0
9009,7,5
9010,4,6
9011,6,6
9012,8,8
9013,4,8
9014,5,5
9015,3,3
9016,5,5
9017,8,8
9018,3,3
9019,2,2
9020,6,0
9021,8,8
9022,6,6
9023,2,2
9024,1,1
9025,5,5
9026,3,3
9027,3,3
9028,8,8
9029,6,0
9030,6,6
9031,8,8
9032,5,5
9033,2,2
9034,5,5
9035,2,6
9036,6,6
9037,8,8
9038,8,8
9039,3,3
9040,7,7
9041,8,8
9042,7,7
9043,4,4
9044,9,9
9045,5,5
9046,6,6
9047,9,9
9048,1,1
9049,7,7
9050,9,9
9051,0,1
9052,9,9
9053,5,5
9054,6,6
9055,8,2
9056,6,6
9057,5,5
9058,2,2
9059,4,4
9060,7,7
9061,2,2
9062,6,6
9063,1,1
9064,8,8
9065,3,3
9066,5,5
9067,0,0
9068,1,1
9069,3,3
9070,8,8
9071,8,8
9072,5,5
9073,4,4
9074,9,9
9075,1,1
9076,3,3
9077,7,7
9078,6,0
9079,7,7
9080,5,5
9081,6,6
9082,8,7
9083,0,0
9084,0,0
9085,9,9
9086,5,5
9087,4,6
9088,1,1
9089,5,5
9090,7,7
9091,4,6
9092,1,1
9093,2,6
9094,7,7
9095,0,0
9096,7,7
9097,3,3
9098,2,2
9099,9,9
9100,3,3
9101,6,6
9102,1,1
9103,2,2
9104,7,9
9105,6,2
9106,2,2
9107,7,7
9108,7,7
9109,0,0
9110,1,1
9111,9,9
9112,9,9
9113,9,9
9114,7,7
9115,7,7
9116,3,3
9117,8,8
9118,4,6
9119,7,7
9120,8,8
9121,2,2
9122,8,8
9123,4,4
9124,8,5
9125,7,7
9126,1,1
9127,8,8
9128,3,3
9129,2,4
9130,5,5
9131,9,9
9132,1,1
9133,4,4
9134,6,6
9135,2,2
9136,0,6
9137,0,0
9138,8,8
9139,3,3
9140,0,0
9141,2,2
9142,0,0
9143,5,5
9144,9,9
9145,7,7
9146,0,0
9147,7,7
9148,8,8
9149,2,2
9150,6,6
9151,0,0
9152,8,8
9153,2,2
9154,5,5
9155,3,3
9156,6,6
9157,5,5
9158,7,7
9159,7,9
9160,6,6
9161,1,1
9162,5,5
9163,7,7
9164,7,7
9165,7,7
9166,3,6
9167,4,4
9168,3,3
9169,3,3
9170,1,1
9171,7,7
9172,4,4
9173,9,9
9174,4,2
9175,2,2
9176,4,4
9177,6,0
9178,4,4
9179,4,4
9180,3,3
9181,6,6
9182,4,4
9183,2,2
9184,4,4
9185,2,2
9186,6,2
9187,9,9
9188,2,6
9189,9,9
9190,4,4
9191,3,3
9192,2,2
9193,5,5
9194,1,1
9195,4,4
9196,0,0
9197,3,3
9198,8,8
9199,6,6
9200,7,7
9201,2,6
9202,8,8
9203,1,1
9204,6,6
9205,6,2
9206,9,9
9207,9,9
9208,4,4
9209,0,0
9210,4,4
9211,2,2
9212,9,9
9213,3,3
9214,0,0
9215,2,2
9216,0,0
9217,3,6
9218,3,3
9219,5,5
9220,7,7
9221,4,4
9222,4,4
9223,5,5
9224,4,6
9225,1,1
9226,6,4
9227,0,0
9228,9,5
9229,9,9
9230,4,2
9231,7,7
9232,4,4
9233,7,7
9234,3,3
9235,5,5
9236,7,7
9237,4,4
9238,9,9
9239,7,7
9240,5,5
9241,0,0
9242,5,5
9243,0,0
9244,5,5
9245,1,1
9246,4,6
9247,3,3
9248,8,8
9249,9,9
9250,5,5
9251,8,8
9252,6,6
9253,3,3
9254,2,2
9255,1,3
9256,4,4
9257,0,0
9258,1,1
9259,4,4
9260,8,8
9261,4,4
9262,6,2
9263,1,1
9264,9,9
9265,0,0
9266,9,9
9267,4,6
9268,1,1
9269,9,9
9270,2,2
9271,0,0
9272,5,5
9273,4,3
9274,5,5
9275,1,1
9276,6,6
9277,1,1
9278,4,4
9279,8,8
9280,4,4
9281,5,5
9282,2,2
9283,3,3
9284,8,8
9285,1,1
9286,1,1
9287,2,6
9288,4,4
9289,9,9
9290,1,1
9291,3,3
9292,8,8
9293,8,8
9294,1,1
9295,1,1
9296,8,8
9297,2,2
9298,4,4
9299,1,1
9300,9,9
9301,4,4
9302,9,9
9303,3,3
9304,0,6
9305,6,6
9306,8,8
9307,4,4
9308,7,7
9309,3,3
9310,0,2
9311,3,3
9312,0,0
9313,7,7
9314,8,8
9315,4,4
9316,9,9
9317,9,9
9318,6,4
9319,1,1
9320,1,1
9321,3,3
9322,1,1
9323,9,9
9324,3,3
9325,1,1
9326,7,9
9327,8,8
9328,2,2
9329,6,4
9330,9,9
9331,9,9
9332,0,0
9333,6,6
9334,6,0
9335,1,1
9336,7,7
9337,4,4
9338,7,7
9339,5,5
9340,8,8
9341,1,1
9342,4,2
9343,6,6
9344,6,2
9345,4,4
9346,9,7
9347,6,3
9348,3,3
9349,9,9
9350,3,1
9351,6,1
9352,9,9
9353,1,1
9354,6,3
9355,6,3
9356,1,1
9357,1,1
9358,2,2
9359,6,8
9360,0,0
9361,1,1
9362,8,8
9363,7,7
9364,8,8
9365,6,6
9366,6,6
9367,5,5
9368,5,5
9369,8,8
9370,6,2
9371,4,4
9372,2,2
9373,0,0
9374,5,5
9375,6,6
9376,3,3
9377,4,4
9378,6,6
9379,5,5
9380,1,1
9381,1,1
9382,5,9
9383,6,6
9384,5,5
9385,4,2
9386,0,0
9387,7,7
9388,1,1
9389,6,6
9390,1,1
9391,4,4
9392,5,5
9393,8,8
9394,3,3
9395,0,0
9396,3,3
9397,7,9
9398,9,9
9399,7,7
9400,8,8
9401,7,7
9402,8,8
9403,7,7
9404,0,0
9405,9,9
9406,3,3
9407,8,8
9408,8,8
9409,7,7
9410,7,7
9411,3,3
9412,7,7
9413,4,3
9414,3,3
9415,8,8
9416,0,0
9417,3,3
9418,4,8
9419,5,5
9420,6,2
9421,9,9
9422,8,3
9423,5,5
9424,1,1
9425,6,6
9426,7,7
9427,7,7
9428,7,7
9429,1,1
9430,4,2
9431,7,7
9432,1,1
9433,6,6
9434,3,3
9435,7,7
9436,5,5
9437,7,7
9438,3,3
9439,8,8
9440,6,3
9441,4,4
9442,8,8
9443,7,7
9444,9,9
9445,7,7
9446,6,6
9447,9,9
9448,5,5
9449,8,8
9450,6,3
9451,7,7
9452,9,9
9453,6,6
9454,7,9
9455,4,4
9456,9,9
9457,4,4
9458,1,1
9459,8,8
9460,3,3
9461,5,5
9462,3,3
9463,1,1
9464,4,2
9465,8,8
9466,9,9
9467,4,4
9468,9,9
9469,2,2
9470,8,8
9471,1,1
9472,9,9
9473,7,7
9474,0,0
9475,6,6
9476,6,6
9477,8,8
9478,3,4
9479,6,6
9480,7,7
9481,8,8
9482,9,9
9483,2,2
9484,7,7
9485,8,8
9486,9,9
9487,6,6
9488,8,8
9489,1,1
9490,7,7
9491,4,4
9492,2,2
9493,6,6
9494,5,5
9495,7,5
9496,8,8
9497,2,2
9498,0,0
9499,9,9
9500,4,3
9501,3,3
9502,8,8
9503,1,1
9504,2,2
9505,9,9
9506,8,8
9507,6,0
9508,4,6
9509,7,7
9510,3,3
9511,6,0
9512,5,5
9513,1,1
9514,8,8
9515,5,5
9516,7,7
9517,6,0
9518,7,7
9519,4,4
9520,4,4
9521,0,0
9522,0,0
9523,0,0
9524,3,3
9525,5,5
9526,8,8
9527,6,6
9528,0,0
9529,7,7
9530,6,2
9531,5,5
9532,3,3
9533,8,8
9534,6,6
9535,4,3
9536,5,5
9537,6,6
9538,1,1
9539,7,7
9540,2,2
9541,4,4
9542,0,0
9543,5,5
9544,3,3
9545,1,1
9546,6,6
9547,8,6
9548,6,6
9549,0,0
9550,4,4
9551,0,6
9552,2,2
9553,1,1
9554,2,2
9555,7,7
9556,7,7
9557,1,1
9558,6,6
9559,6,6
9560,0,0
9561,5,5
9562,9,9
9563,8,8
9564,5,5
9565,7,7
9566,6,6
9567,6,0
9568,4,4
9569,6,2
9570,7,7
9571,9,9
9572,7,7
9573,5,5
9574,4,4
9575,2,2
9576,1,1
9577,1,1
9578,2,2
9579,6,6
9580,4,4
9581,7,5
9582,7,7
9583,5,5
9584,3,3
9585,6,6
9586,8,8
9587,3,3
9588,8,8
9589,3,3
9590,8,8
9591,5,5
9592,6,6
9593,1,1
9594,2,2
9595,7,7
9596,7,7
9597,4,4
9598,0,9
9599,7,7
9600,6,6
9601,4,4
9602,6,6
9603,2,2
9604,5,5
9605,1,1
9606,1,1
9607,3,4
9608,2,2
9609,3,3
9610,9,9
9611,5,5
9612,2,2
9613,5,5
9614,8,8
9615,3,3
9616,2,2
9617,0,0
9618,2,2
9619,7,7
9620,5,5
9621,2,2
9622,5,5
9623,3,3
9624,4,4
9625,1,1
9626,1,1
9627,5,5
9628,5,5
9629,2,2
9630,7,5
9631,1,1
9632,0,3
9633,5,5
9634,1,1
9635,5,5
9636,4,4
9637,1,1
9638,9,9
9639,9,9
9640,5,5
9641,2,2
9642,9,9
9643,7,7
9644,5,5
9645,5,5
9646,4,4
9647,7,7
9648,6,6
9649,2,2
9650,8,8
9651,0,0
9652,0,0
9653,4,4
9654,1,1
9655,7,7
9656,0,0
9657,0,0
9658,4,4
9659,6,6
9660,4,4
9661,4,4
9662,6,6
9663,9,9
9664,0,0
9665,7,7
9666,1,1
9667,1,1
9668,4,4
9669,9,9
9670,5,5
9671,4,4
9672,3,3
9673,2,2
9674,6,6
9675,1,1
9676,2,2
9677,3,0
9678,2,2
9679,0,0
9680,9,9
9681,8,8
9682,1,1
9683,6,6
9684,5,5
9685,9,9
9686,6,4
9687,7,7
9688,6,3
9689,9,9
9690,9,9
9691,1,1
9692,6,2
9693,4,4
9694,8,8
9695,5,5
9696,5,5
9697,1,3
9698,3,3
9699,1,1
9700,1,1
9701,2,6
9702,4,4
9703,0,0
9704,8,8
9705,2,2
9706,5,9
9707,5,5
9708,5,5
9709,5,5
9710,7,7
9711,6,6
9712,7,7
9713,0,0
9714,9,9
9715,1,1
9716,7,7
9717,0,0
9718,5,5
9719,0,0
9720,1,1
9721,4,2
9722,0,0
9723,2,4
9724,4,4
9725,3,3
9726,6,2
9727,3,3
9728,4,4
9729,8,8
9730,0,0
9731,6,6
9732,4,2
9733,9,7
9734,4,4
9735,7,7
9736,4,4
9737,8,8
9738,7,7
9739,5,5
9740,8,8
9741,8,8
9742,9,9
9743,1,1
9744,1,1
9745,9,9
9746,3,3
9747,0,0
9748,6,6
9749,4,4
9750,4,4
9751,1,1
9752,2,2
9753,5,5
9754,0,0
9755,1,1
9756,0,5
9757,5,5
9758,8,8
9759,4,4
9760,1,1
9761,9,9
9762,5,5
9763,6,6
9764,9,9
9765,4,4
9766,3,3
9767,5,5
9768,6,6
9769,4,4
9770,3,4
9771,7,7
9772,4,4
9773,2,2
9774,6,0
9775,0,0
9776,8,8
9777,4,4
9778,5,5
9779,5,5
9780,2,2
9781,5,5
9782,6,3
9783,6,6
9784,4,2
9785,8,8
9786,3,3
9787,6,6
9788,6,6
9789,5,5
9790,3,3
9791,7,7
9792,2,6
9793,6,6
9794,9,9
9795,6,6
9796,5,5
9797,2,2
9798,0,0
9799,9,9
9800,6,6
9801,5,5
9802,0,0
9803,1,1
9804,4,4
9805,6,6
9806,2,2
9807,4,6
9808,5,5
9809,8,0
9810,1,1
9811,8,8
9812,9,9
9813,2,2
9814,0,0
9815,5,5
9816,7,7
9817,2,2
9818,0,0
9819,0,0
9820,9,9
9821,5,5
9822,0,0
9823,6,6
9824,5,5
9825,9,9
9826,6,0
9827,8,8
9828,6,6
9829,1,1
9830,7,7
9831,2,2
9832,2,2
9833,1,1
9834,1,1
9835,0,6
9836,2,2
9837,8,8
9838,6,6
9839,5,5
9840,2,6
9841,8,8
9842,3,3
9843,6,6
9844,1,1
9845,8,8
9846,5,5
9847,2,2
9848,0,0
9849,3,3
9850,7,7
9851,6,6
9852,4,4
9853,8,8
9854,5,5
9855,9,9
9856,3,3
9857,2,2
9858,0,0
9859,2,3
9860,4,3
9861,3,3
9862,9,9
9863,7,7
9864,9,7
9865,5,5
9866,8,8
9867,7,7
9868,9,9
9869,3,3
9870,2,2
9871,5,5
9872,5,5
9873,1,1
9874,9,9
9875,5,5
9876,5,5
9877,0,3
9878,2,2
9879,4,4
9880,6,6
9881,1,1
9882,5,5
9883,1,1
9884,2,2
9885,2,2
9886,5,5
9887,2,2
9888,0,6
9889,1,1
9890,7,7
9891,4,4
9892,4,3
9893,5,5
9894,6,2
9895,9,9
9896,1,1
9897,4,4
9898,0,0
9899,6,4
9900,6,6
9901,4,4
9902,2,2
9903,4,4
9904,9,9
9905,9,9
9906,9,9
9907,0,0
9908,3,3
9909,9,9
9910,2,4
9911,7,7
9912,1,1
9913,5,5
9914,8,8
9915,8,8
9916,7,7
9917,7,7
9918,2,2
9919,1,1
9920,6,6
9921,9,9
9922,2,2
9923,8,8
9924,6,4
9925,7,7
9926,0,0
9927,0,0
9928,0,0
9929,9,9
9930,5,5
9931,6,6
9932,8,8
9933,8,5
9934,7,7
9935,6,2
9936,9,9
9937,3,3
9938,6,6
9939,4,4
9940,6,3
9941,9,9
9942,9,9
9943,4,6
9944,7,8
9945,0,0
9946,3,3
9947,3,0
9948,6,0
9949,5,5
9950,4,4
9951,2,4
9952,2,6
9953,0,6
9954,8,8
9955,1,1
9956,9,9
9957,7,7
9958,6,6
9959,8,2
9960,4,4
9961,9,9
9962,7,7
9963,0,0
9964,0,0
9965,7,9
9966,1,1
9967,0,0
9968,1,1
9969,4,4
9970,5,5
9971,3,3
9972,7,7
9973,4,4
9974,1,1
9975,9,9
9976,5,5
9977,5,5
9978,1,1
9979,2,2
9980,3,3
9981,5,5
9982,7,7
9983,8,8
9984,3,3
9985,6,6
9986,3,3
9987,3,3
9988,3,3
9989,6,0
9990,6,6
9991,9,9
9992,9,9
9993,3,3
9994,5,5
9995,8,8
9996,5,5
9997,3,3
9998,0,0
9999,3,3
10000,3,3
